{
"type": "FeatureCollection",
"name": "Zone_accessiblite_eau",
"crs": { "type": "name", "properties": { "name": "urn:ogc:def:crs:OGC:1.3:CRS84" } },
"features": [
{ "type": "Feature", "properties": { "region_nom": "Plateaux", "prefecture": "Ogou", "commune_no": "Ogou 1", "canton_nom": "Djama", "nom_locali": "Abotesse", "organisme": "Hydraulique villageoise", "borne_font": null, "layer": "_mview_eau_pmhs", "path": "H:/Master2023/Master_Ngaoundere/Memoire/Projet_SIG/Donnee/SHP/_mview_eau_pmhs.shp" }, "geometry": { "type": "MultiPolygon", "coordinates": [ [ [ [ 1.136097999950935, 7.519080940221257 ], [ 1.136092801707425, 7.518844330696046 ], [ 1.136075202181948, 7.518608316939389 ], [ 1.136045249634256, 7.518373545852021 ], [ 1.136003026182968, 7.518140660927487 ], [ 1.135948647580252, 7.517910300488354 ], [ 1.135882262894333, 7.517683095936588 ], [ 1.135804054100691, 7.517459670022947 ], [ 1.135714235583055, 7.517240635140054 ], [ 1.135613053545589, 7.517026591643904 ], [ 1.135500785337872, 7.516818126208373 ], [ 1.135377738694513, 7.516615810217229 ], [ 1.135301800329276, 7.516504530730872 ], [ 1.135314784509642, 7.516483586135312 ], [ 1.135428827577524, 7.51627608251744 ], [ 1.135531832292961, 7.516062906758171 ], [ 1.135623516335863, 7.515844643168256 ], [ 1.135703628417246, 7.515621890003531 ], [ 1.13577194896787, 7.515395257825032 ], [ 1.135828290739938, 7.515165367825389 ], [ 1.135872499320164, 7.514932850126056 ], [ 1.135904453552848, 7.514698342050101 ], [ 1.135924065871762, 7.514462486375262 ], [ 1.135931282539969, 7.514225929572061 ], [ 1.135926083796899, 7.513989320031789 ], [ 1.135908483912303, 7.513753306289265 ], [ 1.135878531146903, 7.513518535245181 ], [ 1.135836307619902, 7.513285650392968 ], [ 1.135781929083663, 7.513055290054996 ], [ 1.135715544606219, 7.512828085632959 ], [ 1.135637336162464, 7.512604659877264 ], [ 1.13554751813516, 7.512385625180102 ], [ 1.135446336727118, 7.512171581896965 ], [ 1.135334069286182, 7.511963116701151 ], [ 1.135211023544854, 7.511760800975779 ], [ 1.135077536776655, 7.51156518924772 ], [ 1.134933974871528, 7.511376817667763 ], [ 1.134780731332835, 7.511196202541133 ], [ 1.134618226198673, 7.511023838912431 ], [ 1.134446904890494, 7.510860199208837 ], [ 1.134267236992165, 7.510705731945341 ], [ 1.134079714962832, 7.510560860495491 ], [ 1.133884852787096, 7.510425981931066 ], [ 1.133683184566224, 7.510301465933882 ], [ 1.13347526305424, 7.510187653782584 ], [ 1.133261658142916, 7.510084857417405 ], [ 1.133042955299807, 7.509993358585233 ], [ 1.132819753963624, 7.509913408067498 ], [ 1.132599164200503, 7.50984717610573 ], [ 1.132559892968934, 7.509805521987444 ], [ 1.132388572994912, 7.509641881778606 ], [ 1.132208906426774, 7.509487413966338 ], [ 1.132021385720023, 7.509342541925686 ], [ 1.131826524855642, 7.509207662730063 ], [ 1.13162485793131, 7.509083146062997 ], [ 1.131416937697506, 7.508969333204984 ], [ 1.131203334042503, 7.508866536098178 ], [ 1.130984632430418, 7.508775036491507 ], [ 1.130761432296598, 7.508695085168522 ], [ 1.130534345404712, 7.50862690126015 ], [ 1.130303994170095, 7.508570671644158 ], [ 1.130071009953903, 7.508526550433077 ], [ 1.129836031332759, 7.508494658551844 ], [ 1.129599702348659, 7.508475083406477 ], [ 1.129362670743876, 7.508467878644562 ], [ 1.129125586185768, 7.5084730640083 ], [ 1.128889098486295, 7.508490625280438 ], [ 1.128653855821152, 7.5085205143233 ], [ 1.12842050295339, 7.508562649210753 ], [ 1.128189679466399, 7.508616914452806 ], [ 1.127962018011067, 7.50868316131215 ], [ 1.127738142571962, 7.508761208211858 ], [ 1.127518666757243, 7.50885084123305 ], [ 1.127304192117009, 7.508951814701211 ], [ 1.127095306494692, 7.509063851859532 ], [ 1.126892582415993, 7.509186645627422 ], [ 1.126696575519805, 7.509319859442148 ], [ 1.12650782303539, 7.509463128181258 ], [ 1.126326842310006, 7.509616059163265 ], [ 1.126154129391002, 7.509778233223881 ], [ 1.125990157666283, 7.509949205864817 ], [ 1.125835376566846, 7.510128508472013 ], [ 1.125690210334975, 7.510315649599977 ], [ 1.125555056861439, 7.510510116318672 ], [ 1.1254302865949, 7.510711375619321 ], [ 1.125316241526512, 7.510918875875213 ], [ 1.1252132342525, 7.511132048353564 ], [ 1.12512154711728, 7.511350308774238 ], [ 1.125041431439481, 7.511573058911117 ], [ 1.124973106822984, 7.511799688231677 ], [ 1.12491676055486, 7.51202957557029 ], [ 1.124872547091883, 7.512262090830711 ], [ 1.124840587637005, 7.512496596713018 ], [ 1.124820969806953, 7.512732450460319 ], [ 1.124813747391889, 7.512969005620419 ], [ 1.124818940207762, 7.513205613817641 ], [ 1.124836534041776, 7.513441626529905 ], [ 1.124866480691126, 7.513676396866227 ], [ 1.124903659643848, 7.513881487663762 ], [ 1.124846703965692, 7.513963437505799 ], [ 1.124721932042114, 7.514164696250949 ], [ 1.124607885374759, 7.514372195986143 ], [ 1.124504876564239, 7.514585367980034 ], [ 1.124413187959187, 7.514803627953818 ], [ 1.124333070882264, 7.515026377682607 ], [ 1.12426474494119, 7.515253006634998 ], [ 1.124208397426677, 7.515482893646378 ], [ 1.124164182798923, 7.515715408621398 ], [ 1.124132222264076, 7.515949914260932 ], [ 1.124112603441836, 7.516185767808746 ], [ 1.124105380125093, 7.516422322813201 ], [ 1.124110572132276, 7.516658930899048 ], [ 1.124128165252815, 7.516894943544505 ], [ 1.124158111285871, 7.517129713858787 ], [ 1.124200328172221, 7.517362598355121 ], [ 1.124254700218951, 7.517592958714495 ], [ 1.124321078416334, 7.517820163535233 ], [ 1.124394120102538, 7.51802884567986 ], [ 1.124363230524414, 7.518049838519779 ], [ 1.124174473041434, 7.518193105080647 ], [ 1.12399348736294, 7.518346033947609 ], [ 1.123820769549848, 7.518508205962187 ], [ 1.123656793003466, 7.518679176631705 ], [ 1.123502007168007, 7.518858477347523 ], [ 1.123356836298729, 7.519045616669343 ], [ 1.123221678299111, 7.51924008167209 ], [ 1.123096903630224, 7.519441339351708 ], [ 1.122982854295295, 7.519648838085947 ], [ 1.122879842902248, 7.519862009146189 ], [ 1.122788151806801, 7.520080268256209 ], [ 1.122708032338448, 7.5203030171935 ], [ 1.122639704111474, 7.520529645428828 ], [ 1.122583354422863, 7.520759531799552 ], [ 1.122539137738785, 7.520992046212099 ], [ 1.122507175271036, 7.52122655136887 ], [ 1.122487554644624, 7.521462404514983 ], [ 1.122480329657401, 7.521698959199889 ], [ 1.122485520132386, 7.521935567049226 ], [ 1.122503111863227, 7.522171579541865 ], [ 1.122533056652906, 7.522406349787439 ], [ 1.122575272445624, 7.52263923429937 ], [ 1.122629643551479, 7.522869594758609 ], [ 1.122696020963339, 7.523096799763195 ], [ 1.12271042747347, 7.523137959956831 ], [ 1.122669816019431, 7.523221999809742 ], [ 1.122628736157109, 7.523319783868184 ], [ 1.122409480374609, 7.523278258032362 ], [ 1.122174495659072, 7.523246360244999 ], [ 1.121938160221815, 7.523226779097293 ], [ 1.121701121822768, 7.523219568253262 ], [ 1.121464030147872, 7.523224747471751 ], [ 1.121227535028551, 7.523242302552336 ], [ 1.120992284660795, 7.523272185374285 ], [ 1.120758923828723, 7.523314314028513 ], [ 1.120528092137507, 7.523368573042091 ], [ 1.120300422260479, 7.523434813694779 ], [ 1.120076538205244, 7.523512854426649 ], [ 1.119891121832597, 7.523588569527156 ], [ 1.119760715418932, 7.523591417675359 ], [ 1.119524220256883, 7.523608971769942 ], [ 1.119288969795563, 7.523638853598887 ], [ 1.119055608819348, 7.523680981255821 ], [ 1.118824776933801, 7.523735239270541 ], [ 1.118597106812785, 7.523801478925551 ], [ 1.11837322246457, 7.523879518663643 ], [ 1.118153737521685, 7.523969144585575 ], [ 1.1179392535592, 7.524070111036275 ], [ 1.117808094699816, 7.524140451422839 ], [ 1.117766454837231, 7.524150238912745 ], [ 1.11753878445994, 7.524216477923071 ], [ 1.11731489982537, 7.524294517019213 ], [ 1.117095414566832, 7.524384142303671 ], [ 1.116880930260259, 7.524485108123131 ], [ 1.116672034775528, 7.524597137741746 ], [ 1.116469300665326, 7.524719924099591 ], [ 1.116273283595994, 7.524853130654249 ], [ 1.116084520824639, 7.524996392303181 ], [ 1.115903529726672, 7.525149316384336 ], [ 1.115730806377839, 7.525311483752366 ], [ 1.115566824194598, 7.525482449927337 ], [ 1.11541203263659, 7.525661746312939 ], [ 1.115266855974738, 7.525848881480756 ], [ 1.115131692128384, 7.526043342517113 ], [ 1.115006911574609, 7.526244596428837 ], [ 1.114892856332755, 7.52645209160402 ], [ 1.114891799606397, 7.526454278227945 ], [ 1.114677614959091, 7.526555100873559 ], [ 1.114468718046027, 7.526667129045245 ], [ 1.114265982461966, 7.52678991397993 ], [ 1.11406996387728, 7.526923119139095 ], [ 1.113881199553221, 7.527066379424021 ], [ 1.113700206869449, 7.527219302176405 ], [ 1.11352748190605, 7.527381468254534 ], [ 1.113363498083901, 7.527552433182024 ], [ 1.113208704867128, 7.527731728365975 ], [ 1.113063526531197, 7.52791886238127 ], [ 1.112928361000033, 7.528113322317403 ], [ 1.112803578755331, 7.528314575184222 ], [ 1.112689521821066, 7.528522069372679 ], [ 1.112586502825982, 7.528735236166657 ], [ 1.112494804146628, 7.528953491301653 ], [ 1.112414677133279, 7.529176236566069 ], [ 1.112346341420901, 7.529402861440777 ], [ 1.112289984327002, 7.529632744772372 ], [ 1.112245760338054, 7.52986525647564 ], [ 1.112213790685891, 7.530099759260445 ], [ 1.112194419214027, 7.530332531832178 ], [ 1.112119792831994, 7.530510151073599 ], [ 1.112039665159776, 7.530732896135908 ], [ 1.111971328821316, 7.53095952082796 ], [ 1.11191497113584, 7.531189403996866 ], [ 1.111870746591445, 7.531421915557845 ], [ 1.111838776421489, 7.531656418221157 ], [ 1.111819148272113, 7.531892269238776 ], [ 1.111811915961808, 7.532128822166032 ], [ 1.111817099333695, 7.532365428633399 ], [ 1.111834684200918, 7.532601440123572 ], [ 1.111864622385306, 7.532836209748949 ], [ 1.1119068318492, 7.533069094024682 ], [ 1.111961196920081, 7.533299454632387 ], [ 1.112027568607397, 7.533526660169716 ], [ 1.112105765010713, 7.533750087880997 ], [ 1.112195571818065, 7.533969125364163 ], [ 1.112296742893175, 7.53418317224933 ], [ 1.112409000949891, 7.534391641844411 ], [ 1.112532038312029, 7.534593962743252 ], [ 1.112665517756519, 7.534789580391859 ], [ 1.112809073437561, 7.534977958608484 ], [ 1.112962311889255, 7.535158581053326 ], [ 1.113124813103945, 7.535330952643874 ], [ 1.11329613168334, 7.535494600912011 ], [ 1.113475798059256, 7.535649077299089 ], [ 1.113479759939274, 7.535652138287298 ], [ 1.113393516919023, 7.535791230472585 ], [ 1.113279457384094, 7.535998724332551 ], [ 1.113176435964811, 7.536211890830165 ], [ 1.11308473504438, 7.53643014570173 ], [ 1.113004605979237, 7.536652890736387 ], [ 1.112936268409988, 7.536879515415637 ], [ 1.112879909659247, 7.537109398586623 ], [ 1.112835684218048, 7.537341910164567 ], [ 1.112803713322223, 7.53757641285968 ], [ 1.112784084619917, 7.537812263923846 ], [ 1.112776851931155, 7.53804881691227 ], [ 1.112782035100111, 7.538285423455252 ], [ 1.112799619940503, 7.538521435035278 ], [ 1.112829558274247, 7.5387562047645 ], [ 1.112871768063291, 7.538989089157777 ], [ 1.112926133634239, 7.539219449896398 ], [ 1.112992505995183, 7.539446655577658 ], [ 1.113070703243851, 7.539670083445468 ], [ 1.113160511065975, 7.539889121097338 ], [ 1.113261683322507, 7.540103168162908 ], [ 1.113373942724064, 7.540311637949592 ], [ 1.11349698159078, 7.540513959050702 ], [ 1.11363046269547, 7.540709576911683 ], [ 1.113774020187787, 7.540897955350195 ], [ 1.113927260596868, 7.541078578025815 ], [ 1.11408976390969, 7.541250949855406 ], [ 1.114261084722212, 7.541414598370169 ], [ 1.114440753460125, 7.541569075010789 ], [ 1.114628277665877, 7.541713956356988 ], [ 1.114823143348444, 7.541848845288219 ], [ 1.115024816392145, 7.541973372072261 ], [ 1.115232744020643, 7.542087195378754 ], [ 1.115446356312116, 7.542190003214878 ], [ 1.115665067761448, 7.542281513780635 ], [ 1.115888278885146, 7.542361476241345 ], [ 1.116115377864606, 7.542429671415294 ], [ 1.116345742223203, 7.542485912374623 ], [ 1.116378655690765, 7.542492146574967 ], [ 1.116331196685528, 7.542649533052423 ], [ 1.116274838114881, 7.542879416862723 ], [ 1.11623061304989, 7.543111929029967 ], [ 1.116198642725375, 7.543346432262747 ], [ 1.116179014787934, 7.54358228381146 ], [ 1.11617178305551, 7.543818837229979 ], [ 1.116176967369676, 7.544055444147411 ], [ 1.116194553541022, 7.544291456045215 ], [ 1.116224493387834, 7.544526226034655 ], [ 1.116266704867926, 7.544759110629869 ], [ 1.116321072303276, 7.544989471511579 ], [ 1.116387446696878, 7.545216677276674 ], [ 1.116465646140897, 7.545440105168835 ], [ 1.116555456315054, 7.545659142785476 ], [ 1.116656631073859, 7.545873189756336 ], [ 1.116768893121074, 7.546081659389075 ], [ 1.116891934769584, 7.546283980277411 ], [ 1.117025418784575, 7.546479597867357 ], [ 1.117168979307723, 7.546667975977315 ], [ 1.117322222859851, 7.54684859826775 ], [ 1.117484729419318, 7.547020969656562 ], [ 1.117656053573173, 7.547184617676169 ], [ 1.11783572573794, 7.547339093768596 ], [ 1.118023253446662, 7.547483974515059 ], [ 1.118218122698701, 7.547618862796653 ], [ 1.11841979936858, 7.547743388882936 ], [ 1.118627730670005, 7.547857211445455 ], [ 1.118841346671073, 7.547960018493427 ], [ 1.119060061856478, 7.548051528229014 ], [ 1.119061884920243, 7.548052181300176 ], [ 1.119033582786825, 7.548259781600458 ], [ 1.11901395547309, 7.548495633551264 ], [ 1.11900672452701, 7.548732187326948 ], [ 1.119011909788013, 7.548968794555646 ], [ 1.119029497064109, 7.549204806717942 ], [ 1.11905943817057, 7.549439576924375 ], [ 1.119101651061763, 7.549672461688478 ], [ 1.119156020055815, 7.5499028226905 ], [ 1.119222396151453, 7.550130028526988 ], [ 1.119300597436185, 7.550353456441424 ], [ 1.119390409584692, 7.550572494031142 ], [ 1.119491586446077, 7.550786540925953 ], [ 1.119603850718341, 7.550995010433708 ], [ 1.119726894708271, 7.55119733114846 ], [ 1.119808343220454, 7.551316689662936 ], [ 1.119792931172532, 7.551348578846688 ], [ 1.119701228152648, 7.551566834996433 ], [ 1.119621097463619, 7.551789581247438 ], [ 1.119552758750545, 7.552016207077869 ], [ 1.119496399339221, 7.55224609133171 ], [ 1.119452173722537, 7.552478603921209 ], [ 1.11942020313685, 7.552713107553793 ], [ 1.119400575229503, 7.552948959478771 ], [ 1.119393343818383, 7.553185513248968 ], [ 1.119398528744208, 7.553422120492525 ], [ 1.119416115815917, 7.55365813268999 ], [ 1.119446056849354, 7.553892902951802 ], [ 1.1194882697991, 7.554125787791341 ], [ 1.11954263898313, 7.554356148888647 ], [ 1.119609015399663, 7.554583354839998 ], [ 1.119687217135334, 7.554806782888558 ], [ 1.119777029863601, 7.555025820631292 ], [ 1.119878207431984, 7.555239867697588 ], [ 1.119990472536554, 7.555448337394817 ], [ 1.120113517481823, 7.555650658316508 ], [ 1.120247005023947, 7.555846275908578 ], [ 1.120390569294933, 7.556034653989393 ], [ 1.120543816805332, 7.556215276219497 ], [ 1.120706327522648, 7.556387647516937 ], [ 1.120877656022528, 7.556551295414365 ], [ 1.121057332709573, 7.556705771354129 ], [ 1.121244865104419, 7.556850651917861 ], [ 1.121439739193568, 7.556985539987138 ], [ 1.121641420838268, 7.557110065832092 ], [ 1.121849357238571, 7.557223888124926 ], [ 1.122062978448575, 7.557326694875596 ], [ 1.122281698938677, 7.557418204287067 ], [ 1.122504919200564, 7.557498165527823 ], [ 1.122732027390543, 7.5575663594195 ], [ 1.122962401006693, 7.557622599037749 ], [ 1.123195408595264, 7.557666730224676 ], [ 1.123430411481611, 7.557698632011493 ], [ 1.123666765520944, 7.557718216950169 ], [ 1.123903822864095, 7.55772543135319 ], [ 1.124140933733424, 7.557720255440812 ], [ 1.12437744820404, 7.557702703395306 ], [ 1.124612717985425, 7.557672823322157 ], [ 1.124846098198577, 7.557630697118237 ], [ 1.125076949143812, 7.557576440247359 ], [ 1.125304638054363, 7.557510201423818 ], [ 1.12552854083097, 7.557432162204764 ], [ 1.125748043752714, 7.55734253649256 ], [ 1.125962545159387, 7.557241569948471 ], [ 1.126171457100801, 7.557129539319277 ], [ 1.126374206948501, 7.557006751678686 ], [ 1.126570238965468, 7.556873543585591 ], [ 1.126759015829505, 7.556730280161539 ], [ 1.126940020106134, 7.556577354089859 ], [ 1.127112755666958, 7.556415184539262 ], [ 1.127276749049609, 7.556244216014814 ], [ 1.127406300004174, 7.556094163806006 ], [ 1.127434117898641, 7.556100954498111 ], [ 1.127667125752102, 7.556145083210038 ], [ 1.127902128764824, 7.556176982467981 ], [ 1.128138482791674, 7.556196564830843 ], [ 1.128375539983518, 7.556203776618195 ], [ 1.128612650563134, 7.556198598057469 ], [ 1.12884916460643, 7.556181043338203 ], [ 1.129084433824064, 7.556151160573228 ], [ 1.129317813338589, 7.556109031666801 ], [ 1.129548663452243, 7.556054772090154 ], [ 1.129776351400546, 7.555988530565012 ], [ 1.129796197796989, 7.555981613023222 ], [ 1.129853666703937, 7.555968105328927 ], [ 1.13008135459619, 7.55590186362181 ], [ 1.130305256217718, 7.55582382153152 ], [ 1.130524757850777, 7.555734192968302 ], [ 1.130739257838704, 7.555633223601248 ], [ 1.130948168235214, 7.555521190184874 ], [ 1.131150916416097, 7.555398399800533 ], [ 1.13134694664892, 7.555265189014649 ], [ 1.131535721616386, 7.555121922956147 ], [ 1.131716723889232, 7.55496899431558 ], [ 1.131889457344568, 7.5548068222687 ], [ 1.132053448525807, 7.554635851327417 ], [ 1.132208247940447, 7.554456550121329 ], [ 1.132353431292141, 7.554269410113132 ], [ 1.132488600643687, 7.554074944251437 ], [ 1.132613385507739, 7.553873685564677 ], [ 1.132727443862263, 7.553666185700026 ], [ 1.132830463087945, 7.553453013411215 ], [ 1.132922160824984, 7.553234752999527 ], [ 1.133002285746923, 7.553012002712124 ], [ 1.133070618249406, 7.552785373102203 ], [ 1.133126971051952, 7.552555485355369 ], [ 1.133171189711134, 7.552322969586945 ], [ 1.133203153043717, 7.552088463114726 ], [ 1.133222773458629, 7.551852608712076 ], [ 1.133229997196839, 7.551616052846046 ], [ 1.133224804478506, 7.551379443905366 ], [ 1.133207209556965, 7.551143430423219 ], [ 1.133177260679442, 7.55090865929958 ], [ 1.133135039954584, 7.550675774028095 ], [ 1.133080663127174, 7.550445412932271 ], [ 1.133014279260655, 7.550218207415872 ], [ 1.132936070328339, 7.549994780232271 ], [ 1.132846250714412, 7.549775743777556 ], [ 1.132745066626113, 7.549561698412004 ], [ 1.132632795418705, 7.549353230814588 ], [ 1.132509744835077, 7.549150912374972 ], [ 1.132376252162077, 7.548955297627424 ], [ 1.132232683305879, 7.548766922730975 ], [ 1.132079431788932, 7.548586303999884 ], [ 1.131916917671225, 7.548413936488585 ], [ 1.131916452023068, 7.548413491733694 ], [ 1.131829738270228, 7.548270917264428 ], [ 1.131696246127154, 7.548075302442576 ], [ 1.131552677817395, 7.547886927458635 ], [ 1.131399426861904, 7.547706308627121 ], [ 1.131236913319134, 7.54753394100273 ], [ 1.1310655826336, 7.547370297023563 ], [ 1.130885904414878, 7.547215825216268 ], [ 1.130698371150395, 7.547070948966803 ], [ 1.130503496855532, 7.546936065360056 ], [ 1.13030181566475, 7.546811544091608 ], [ 1.130093880367586, 7.546697726454514 ], [ 1.129880260893547, 7.546594924403989 ], [ 1.129661542750054, 7.546503419702463 ], [ 1.129438325417689, 7.546423463147421 ], [ 1.129211220707188, 7.54635527388409 ], [ 1.12906425003388, 7.546319397174853 ], [ 1.129081411828009, 7.546193489636718 ], [ 1.12910103338083, 7.545957635841736 ], [ 1.129108258458076, 7.545721080508954 ], [ 1.129103067276217, 7.545484472025655 ], [ 1.129085474084361, 7.545248458923766 ], [ 1.129055527124981, 7.545013688102247 ], [ 1.129013308501451, 7.544780803053921 ], [ 1.128958933952784, 7.544550442101698 ], [ 1.128955943739018, 7.544540207419977 ], [ 1.129143821580427, 7.544412532981334 ], [ 1.129332591446751, 7.544269266831614 ], [ 1.129513588811966, 7.544116338115693 ], [ 1.129686317566632, 7.543954166009497 ], [ 1.129850304267044, 7.543783195025094 ], [ 1.130005099432975, 7.543603893792194 ], [ 1.130150278779712, 7.543416753773545 ], [ 1.130285444381017, 7.543222287917772 ], [ 1.130410225759807, 7.543021029253285 ], [ 1.130524280903583, 7.542813529427179 ], [ 1.130627297201811, 7.542600357193085 ], [ 1.130718992302689, 7.542382096852112 ], [ 1.130799114886962, 7.542159346651236 ], [ 1.130867445356653, 7.541932717143402 ], [ 1.130923796436827, 7.541702829513943 ], [ 1.130968013688747, 7.541470313877845 ], [ 1.130999975933004, 7.541235807552548 ], [ 1.131019595581481, 7.540999953311018 ], [ 1.131026818877217, 7.540763397619862 ], [ 1.131021626041552, 7.540526788867343 ], [ 1.131004031328114, 7.540290775586123 ], [ 1.130974082983531, 7.540056004675648 ], [ 1.130931863114959, 7.539823119628983 ], [ 1.130877487464809, 7.539592758769031 ], [ 1.130811105093274, 7.539365553498915 ], [ 1.130732897969545, 7.539142126571352 ], [ 1.130643080472831, 7.538923090381737 ], [ 1.130541898804553, 7.538709045289639 ], [ 1.130429630313324, 7.538500577973299 ], [ 1.130306582734577, 7.538298259821615 ], [ 1.130173093346913, 7.538102645368096 ], [ 1.1300295280475, 7.537914270770971 ], [ 1.129876280349031, 7.537733652343698 ], [ 1.129713770301034, 7.537561285139893 ], [ 1.129542443338447, 7.53739764159651 ], [ 1.129362769060647, 7.537243170239019 ], [ 1.129175239944267, 7.53709829445215 ], [ 1.129065599755696, 7.537022404821943 ], [ 1.129058719090397, 7.536930104539175 ], [ 1.12902877161223, 7.536695333775591 ], [ 1.12898655271337, 7.536462448842682 ], [ 1.12893217813356, 7.536232088063041 ], [ 1.128908138145417, 7.536149805586823 ], [ 1.128917678491692, 7.536099637634937 ], [ 1.128949640696173, 7.535865131579494 ], [ 1.128964655334736, 7.535684637111259 ], [ 1.129144935267271, 7.535532310272076 ], [ 1.129317659928849, 7.535370137449115 ], [ 1.129481642675217, 7.535199165781528 ], [ 1.129636434036982, 7.53501986390088 ], [ 1.129781609739857, 7.534832723271693 ], [ 1.129916771867585, 7.534638256844248 ], [ 1.130041549952592, 7.534436997648516 ], [ 1.130155601991398, 7.53422949733304 ], [ 1.130258615381965, 7.534016324652776 ], [ 1.130350307780445, 7.533798063910056 ], [ 1.130430427874974, 7.533575313352942 ], [ 1.13049875607438, 7.533348683535356 ], [ 1.13055510510993, 7.533118795643468 ], [ 1.130595681301012, 7.532905417529714 ], [ 1.130595991420655, 7.532905126351044 ], [ 1.130759972616989, 7.532734153834986 ], [ 1.130914762438086, 7.532554851138655 ], [ 1.131059936613881, 7.532367709728796 ], [ 1.131195097232304, 7.532173242557836 ], [ 1.131319873829922, 7.531971982657775 ], [ 1.131433924407328, 7.531764481679082 ], [ 1.131536936366493, 7.531551308378527 ], [ 1.131628627367489, 7.531333047060139 ], [ 1.13170874610228, 7.531110295973551 ], [ 1.131761730961203, 7.530934552955011 ], [ 1.131978918906866, 7.530999763578645 ], [ 1.132209281699087, 7.531055995223917 ], [ 1.132442277876582, 7.531100118265913 ], [ 1.132677268796043, 7.531132011758208 ], [ 1.132913610345546, 7.531151588275539 ], [ 1.133150654710222, 7.531158794153504 ], [ 1.133387752148076, 7.531153609635753 ], [ 1.133624252771105, 7.531136048928163 ], [ 1.133859508326824, 7.531106160159983 ], [ 1.134092873975299, 7.531064025251937 ], [ 1.134323710056844, 7.531009759691705 ], [ 1.134551383845509, 7.5309435122174 ], [ 1.134775271283558, 7.53086546440989 ], [ 1.134994758692187, 7.530775830195074 ], [ 1.135209244453779, 7.53067485525752 ], [ 1.135418140661095, 7.530562816366996 ], [ 1.135620874728867, 7.530440020619841 ], [ 1.135816890963384, 7.530306804597151 ], [ 1.135915516673781, 7.530231946943521 ], [ 1.136102062229738, 7.530188092331494 ], [ 1.136329735515724, 7.530121843758268 ], [ 1.136553622400809, 7.530043794856791 ], [ 1.136773109207708, 7.529954159555964 ], [ 1.136987594320459, 7.529853183543322 ], [ 1.137196489833606, 7.5297411435916 ], [ 1.137399223163789, 7.529618346800034 ], [ 1.137595238619326, 7.529485129752592 ], [ 1.137783998923469, 7.529341857595332 ], [ 1.137964986687179, 7.529188923035497 ], [ 1.138137705827365, 7.529026745265031 ], [ 1.138238854765474, 7.528921278816758 ], [ 1.138359988555477, 7.528818920488851 ], [ 1.138532707406581, 7.528656742488112 ], [ 1.138696684212517, 7.528485765811931 ], [ 1.138761135598177, 7.528411103937766 ], [ 1.138873351297705, 7.528294097757859 ], [ 1.139028136460653, 7.52811479095315 ], [ 1.139173305866928, 7.527927645600096 ], [ 1.139308461617553, 7.527733174661914 ], [ 1.139433233262453, 7.527531911180918 ], [ 1.139547278815809, 7.527324406817375 ], [ 1.139650285693377, 7.527111230337318 ], [ 1.139741971569166, 7.526892966053471 ], [ 1.139822085149198, 7.526670212223583 ], [ 1.139890406860156, 7.526443579410505 ], [ 1.139946749451092, 7.526213688808611 ], [ 1.139990958506513, 7.525981170541 ], [ 1.140022912869443, 7.525746661932289 ], [ 1.140042524973332, 7.525510805761678 ], [ 1.140049741081864, 7.525274248501035 ], [ 1.140044541436035, 7.525037638542898 ], [ 1.140026940308098, 7.524801624423207 ], [ 1.139996985962215, 7.524566853043687 ], [ 1.139954760521945, 7.524333967898677 ], [ 1.139936783237788, 7.52425781494078 ], [ 1.139931982208589, 7.524220186184974 ], [ 1.139889756792664, 7.523987301046914 ], [ 1.139835376050201, 7.523756940467017 ], [ 1.139768989055302, 7.523529735847631 ], [ 1.139690777789781, 7.523306309939678 ], [ 1.13960095664415, 7.52308727513576 ], [ 1.13949977182978, 7.522873231791636 ], [ 1.139387500703862, 7.522664766580755 ], [ 1.139264451009007, 7.522462450886259 ], [ 1.139130960029574, 7.522266839234921 ], [ 1.138987393667051, 7.522078467777293 ], [ 1.138834145437014, 7.521897852818261 ], [ 1.138671635390413, 7.52172548940194 ], [ 1.138500308962155, 7.52156184995492 ], [ 1.138320635750131, 7.521407382991465 ], [ 1.138133108228034, 7.521262511884297 ], [ 1.137938240395502, 7.521127633704247 ], [ 1.137736566369288, 7.521003118132055 ], [ 1.137528638919304, 7.520889306445208 ], [ 1.137315027953573, 7.520786510582649 ], [ 1.137096318956216, 7.520695012289887 ], [ 1.136873111382788, 7.520615062346877 ], [ 1.136737290812447, 7.520574283801467 ], [ 1.136679084254603, 7.520408001338914 ], [ 1.136589265011427, 7.520188966406637 ], [ 1.13648808216783, 7.519974922866763 ], [ 1.136375813075608, 7.519766457393288 ], [ 1.136252765471795, 7.51956414137007 ], [ 1.136119276635025, 7.5193685293248 ], [ 1.136089759582657, 7.519329799734042 ], [ 1.136090782644084, 7.519317496980248 ], [ 1.136097999950935, 7.519080940221257 ] ] ], [ [ [ 1.126786132986663, 7.693934490192233 ], [ 1.126684935845255, 7.693720437264193 ], [ 1.126572647377921, 7.693511960993363 ], [ 1.126449575375092, 7.693309632793033 ], [ 1.126316057182525, 7.693114007224068 ], [ 1.126172458776508, 7.692925620474973 ], [ 1.126019173760608, 7.69274498889233 ], [ 1.125856622286718, 7.692572607565606 ], [ 1.125685249903365, 7.692408948970258 ], [ 1.125505526334414, 7.692254461672813 ], [ 1.125317944191554, 7.692109569101485 ], [ 1.125123017624055, 7.691974668385726 ], [ 1.124921280909531, 7.691850129267806 ], [ 1.124713286989542, 7.69173629308954 ], [ 1.12449960595408, 7.691633471856787 ], [ 1.124280823479062, 7.691541947384399 ], [ 1.124057539221136, 7.691461970523903 ], [ 1.123830365174177, 7.691393760476044 ], [ 1.123599923991998, 7.691337504190104 ], [ 1.123366847281855, 7.69129335585157 ], [ 1.123131773873438, 7.691261436459636 ], [ 1.12289534806806, 7.691241833495643 ], [ 1.122658217872888, 7.691234600683369 ], [ 1.122421033225006, 7.691239757841863 ], [ 1.122184444210209, 7.691257290831177 ], [ 1.121949099281387, 7.691287151591172 ], [ 1.1217156434814, 7.69132925827328 ], [ 1.121484716675284, 7.691383495464887 ], [ 1.121256951796659, 7.69144971450566 ], [ 1.121032973113131, 7.691527733895035 ], [ 1.120813394515438, 7.691617339789675 ], [ 1.120598817835026, 7.691718286589568 ], [ 1.12038983119467, 7.691830297611182 ], [ 1.120187007396662, 7.691953065845756 ], [ 1.119990902352963, 7.692086254800749 ], [ 1.119802053561649, 7.692229499422059 ], [ 1.119620978633787, 7.69238240709454 ], [ 1.119448173874827, 7.692544558718028 ], [ 1.119284112924344, 7.69271550985597 ], [ 1.119129245457901, 7.692894791953489 ], [ 1.118983995954556, 7.693081913621555 ], [ 1.118848762533425, 7.693276361983694 ], [ 1.118723915862455, 7.69347760408169 ], [ 1.118609798142426, 7.693685088336204 ], [ 1.118506722168944, 7.693898246058517 ], [ 1.118414970475026, 7.694116493009153 ], [ 1.118334794556585, 7.694339230999083 ], [ 1.118266414182993, 7.694565849529257 ], [ 1.118210016794554, 7.694795727463765 ], [ 1.118165756988598, 7.695028234732264 ], [ 1.118133756095555, 7.69526273405685 ], [ 1.118114101846216, 7.695498582698683 ], [ 1.118106848131057, 7.695735134219621 ], [ 1.118112014852317, 7.695971740253991 ], [ 1.118129587869231, 7.696207752285648 ], [ 1.118159519036553, 7.696442523425462 ], [ 1.118201726336289, 7.696675410184358 ], [ 1.118256094102271, 7.696905774237057 ], [ 1.118322473336957, 7.697132984171654 ], [ 1.118400682119598, 7.697356417220292 ], [ 1.118490506104645, 7.697575460966127 ], [ 1.118591699109049, 7.697789515021949 ], [ 1.118703983786827, 7.697997992675843 ], [ 1.118827052389066, 7.698200322499362 ], [ 1.118960567607266, 7.69839594991386 ], [ 1.11910416349773, 7.698584338710612 ], [ 1.119257446484448, 7.698764972520602 ], [ 1.119419996437761, 7.698937356229957 ], [ 1.119591367825803, 7.699101017337119 ], [ 1.119771090935611, 7.69925550724804 ], [ 1.119958673160528, 7.699400402505868 ], [ 1.120153600350385, 7.699535305951729 ], [ 1.12035533822075, 7.699659847813425 ], [ 1.120563333817398, 7.69977368671909 ], [ 1.120777017031969, 7.699876510632979 ], [ 1.120995802164667, 7.699968037710867 ], [ 1.121219089529732, 7.700048017072685 ], [ 1.121446267099242, 7.700116229490273 ], [ 1.121676712180792, 7.700172487988395 ], [ 1.121909793124403, 7.700216638357321 ], [ 1.122144871054003, 7.700248559575614 ], [ 1.122381301618742, 7.700268164141922 ], [ 1.122618436759312, 7.700275398314912 ], [ 1.122855626484444, 7.700270242260626 ], [ 1.123092220652715, 7.700252710106915 ], [ 1.123327570754772, 7.700222849904768 ], [ 1.123561031691078, 7.700180743496629 ], [ 1.123791963540324, 7.70012650629212 ], [ 1.124019733313631, 7.700060286951714 ], [ 1.124243716689769, 7.699982266979256 ], [ 1.124463299726588, 7.699892660224473 ], [ 1.124677880544003, 7.699791712296795 ], [ 1.124886870973916, 7.699679699892119 ], [ 1.125089698172514, 7.699556930034356 ], [ 1.125285806190579, 7.699423739233829 ], [ 1.125474657497449, 7.69928049256486 ], [ 1.125655734454492, 7.699127582665034 ], [ 1.125828540734028, 7.698965428658913 ], [ 1.125992602679822, 7.698794475009159 ], [ 1.126147470605409, 7.698615190298162 ], [ 1.126292720026696, 7.6984280659436 ], [ 1.126427952825469, 7.69823361485136 ], [ 1.126552798340598, 7.698032370009585 ], [ 1.126666914383968, 7.697824883027673 ], [ 1.126769988178341, 7.697611722624219 ], [ 1.126861737214578, 7.697393473068087 ], [ 1.126941910025881, 7.697170732576835 ], [ 1.127010286876923, 7.696944111676935 ], [ 1.12706668036599, 7.696714231530244 ], [ 1.127110935938478, 7.696481722231352 ], [ 1.127142932310337, 7.696247221080408 ], [ 1.127162581800315, 7.696011370836259 ], [ 1.127169830570078, 7.695774817954605 ], [ 1.127164658771567, 7.695538210816026 ], [ 1.127147080601179, 7.695302197948764 ], [ 1.127117144260621, 7.695067426251107 ], [ 1.127074931824566, 7.694834539218239 ], [ 1.127020559015457, 7.694604175178443 ], [ 1.126954174886087, 7.69437696554348 ], [ 1.126875961410836, 7.694153533077925 ], [ 1.126786132986663, 7.693934490192233 ] ] ], [ [ [ 1.151280485641162, 7.479180593761262 ], [ 1.151045257785636, 7.479210499062634 ], [ 1.150811920452685, 7.479252650251078 ], [ 1.150581113183214, 7.479306931791964 ], [ 1.150353468583764, 7.479373194903348 ], [ 1.150129610592801, 7.479451257963786 ], [ 1.149910152770761, 7.479540907010129 ], [ 1.149695696618529, 7.479641896323951 ], [ 1.149486829928958, 7.479753949105021 ], [ 1.149284125175955, 7.47987675822993 ], [ 1.149088137945534, 7.480009987093846 ], [ 1.148899405413141, 7.48015327053305 ], [ 1.148718444871428, 7.480306215825746 ], [ 1.148545752312498, 7.480468403768392 ], [ 1.148381801068515, 7.480639389824614 ], [ 1.148227040514402, 7.480818705343541 ], [ 1.148081894836176, 7.481005858844246 ], [ 1.147946761868312, 7.481200337362722 ], [ 1.147822012003296, 7.481401607857799 ], [ 1.147707987176384, 7.481609118672015 ], [ 1.147604999928328, 7.481822301043585 ], [ 1.147513332548655, 7.482040570665185 ], [ 1.147433236301833, 7.482263329285415 ], [ 1.14736493073846, 7.482489966348424 ], [ 1.147308603093354, 7.482719860667284 ], [ 1.147264407772201, 7.482952382126559 ], [ 1.147232465928173, 7.483186893409256 ], [ 1.14721286512967, 7.483422751743618 ], [ 1.147205659120101, 7.483659310664811 ], [ 1.147210867670374, 7.483895921786786 ], [ 1.147228476524482, 7.484131936579382 ], [ 1.147258437438363, 7.484366708145869 ], [ 1.147300668311903, 7.484599592995994 ], [ 1.147355053413744, 7.484829952809737 ], [ 1.147421443698268, 7.485057156186867 ], [ 1.147499657213899, 7.485280580377589 ], [ 1.147589479601608, 7.485499612989442 ], [ 1.147690664682246, 7.485713653665884 ], [ 1.147802935131114, 7.485922115731824 ], [ 1.147925983237905, 7.486124427801749 ], [ 1.148059471749952, 7.48632003534588 ], [ 1.148203034796462, 7.486508402210184 ], [ 1.148356278891214, 7.486689012086011 ], [ 1.148518784010967, 7.486861369925352 ], [ 1.148690104746622, 7.487025003297838 ], [ 1.148869771523989, 7.48717946368572 ], [ 1.14905729189082, 7.487324327713353 ], [ 1.149252151866556, 7.487459198307758 ], [ 1.149453817351121, 7.487583705787065 ], [ 1.149661735588877, 7.487697508873945 ], [ 1.149875336683743, 7.487800295631097 ], [ 1.150094035161307, 7.487891784316416 ], [ 1.150317231573668, 7.487971724155309 ], [ 1.1505443141426, 7.488039896028192 ], [ 1.150774660436528, 7.488096113071181 ], [ 1.150819499466285, 7.488104602121786 ], [ 1.150847345830294, 7.488111398139794 ], [ 1.151080324494987, 7.488155506222242 ], [ 1.151315296909019, 7.488187384472631 ], [ 1.151551619011288, 7.488206945507538 ], [ 1.151788643040337, 7.488214135705066 ], [ 1.152025719310023, 7.488208935351889 ], [ 1.152262197990484, 7.488191358697343 ], [ 1.1524974308895, 7.488161453914424 ], [ 1.152730773229368, 7.488119302967781 ], [ 1.152961585414417, 7.488065021389087 ], [ 1.153189234784323, 7.487998757960377 ], [ 1.153272262069092, 7.487969805333687 ], [ 1.153268182601061, 7.487983341287121 ], [ 1.153211856452663, 7.488213236891504 ], [ 1.153167662847502, 7.488445759518839 ], [ 1.153135722934066, 7.488680271848931 ], [ 1.153116124275481, 7.488916131107127 ], [ 1.153110263730722, 7.489108584434466 ], [ 1.153060296720922, 7.489109680585345 ], [ 1.152823817462838, 7.489127257554954 ], [ 1.152588584008829, 7.489157162389995 ], [ 1.15235524109677, 7.489199313121111 ], [ 1.152124428282831, 7.489253594214935 ], [ 1.151896778188727, 7.489319856890753 ], [ 1.151672914767965, 7.48939791952833 ], [ 1.151453451595845, 7.489487568165679 ], [ 1.151238990187897, 7.489588557085521 ], [ 1.151030118351368, 7.489700609488705 ], [ 1.15082740857426, 7.489823418252876 ], [ 1.150631416456346, 7.489956646774203 ], [ 1.150442679186466, 7.490099929889924 ], [ 1.150261714070252, 7.490252874879141 ], [ 1.150089017112344, 7.490415062539153 ], [ 1.149925061656967, 7.49058604833438 ], [ 1.14977029709059, 7.490765363614681 ], [ 1.149625147610239, 7.490952516899784 ], [ 1.149490011060817, 7.491146995226302 ], [ 1.149365257844643, 7.491348265553588 ], [ 1.149251229906174, 7.491555776224658 ], [ 1.149148239794709, 7.49176895847812 ], [ 1.149056569807642, 7.491987228006989 ], [ 1.14897647121661, 7.492209986560124 ], [ 1.148908163578661, 7.492436623581855 ], [ 1.148851834134323, 7.492666517885386 ], [ 1.148807637294242, 7.492899039355311 ], [ 1.148775694215779, 7.49313355067462 ], [ 1.148756092470745, 7.493369409071445 ], [ 1.148748885805171, 7.493605968080788 ], [ 1.148754093991789, 7.493842579316348 ], [ 1.148771702775618, 7.494078594247654 ], [ 1.148801663912815, 7.494313365977582 ], [ 1.14884389530268, 7.494546251015435 ], [ 1.148898281212464, 7.494776611040659 ], [ 1.148964672594355, 7.495003814652441 ], [ 1.149042887493793, 7.495227239100322 ], [ 1.149132711547972, 7.49544627199114 ], [ 1.149233898573195, 7.495660312967559 ], [ 1.149346171239446, 7.495868775353673 ], [ 1.149469221830352, 7.496071087763063 ], [ 1.149602713086446, 7.496266695665008 ], [ 1.149746279129421, 7.496455062904482 ], [ 1.149899526464846, 7.496635673171793 ], [ 1.150062035060598, 7.496808031417852 ], [ 1.150233359498047, 7.496971665211149 ], [ 1.150413030192854, 7.497126126032779 ], [ 1.150600554682024, 7.497270990505891 ], [ 1.150795418973688, 7.497405861556272 ], [ 1.150997088955926, 7.497530369500797 ], [ 1.15120501186076, 7.497644173060843 ], [ 1.151418617779295, 7.497746960297811 ], [ 1.151637321223879, 7.49783844946827 ], [ 1.151860522732975, 7.497918389796297 ], [ 1.152087610514363, 7.497986562160953 ], [ 1.152317962122155, 7.498042779697003 ], [ 1.152550946163027, 7.498086888307189 ], [ 1.152785924027, 7.498118767084703 ], [ 1.153022251638008, 7.498138328644673 ], [ 1.153259281219465, 7.498145519363772 ], [ 1.153496363069983, 7.49814031952724 ], [ 1.153732847344376, 7.498122743383007 ], [ 1.153968085835065, 7.498092839102672 ], [ 1.154201433748995, 7.498050688649516 ], [ 1.154432251475191, 7.497996407553863 ], [ 1.154659906338121, 7.497930144596444 ], [ 1.15488377433203, 7.497852081400581 ], [ 1.155103241831514, 7.49776243193437 ], [ 1.155317707273628, 7.49766144192419 ], [ 1.155526582806929, 7.497549388181121 ], [ 1.155729295902913, 7.497426577842201 ], [ 1.155925290925441, 7.497293347528521 ], [ 1.156114030653852, 7.497150062422475 ], [ 1.156294997755578, 7.496997115266767 ], [ 1.156467696204224, 7.496834925287831 ], [ 1.156631652639235, 7.496663937046664 ], [ 1.156786417663405, 7.496484619220203 ], [ 1.156931567074695, 7.496297463316605 ], [ 1.157066703028957, 7.496102982327961 ], [ 1.157088160092772, 7.496068363870896 ], [ 1.157250975991367, 7.49609045085933 ], [ 1.157487303316099, 7.49611000980224 ], [ 1.157724332469512, 7.49611719786457 ], [ 1.157961413751393, 7.496111995338878 ], [ 1.158197897318124, 7.496094416480454 ], [ 1.158433134964072, 7.496064509468361 ], [ 1.158666481898505, 7.496022356273375 ], [ 1.158897298513144, 7.49596807243335 ], [ 1.15912495213551, 7.495901806736544 ], [ 1.159348818763264, 7.495823740813793 ], [ 1.159568284774756, 7.495734088640686 ], [ 1.159782748611133, 7.495633095951013 ], [ 1.159991622425367, 7.495521039563218 ], [ 1.160194333693676, 7.495398226621584 ], [ 1.160390326784947, 7.495264993754341 ], [ 1.160579064483826, 7.495121706150885 ], [ 1.160760029463319, 7.494968756560767 ], [ 1.160932725702863, 7.494806564217096 ], [ 1.161096679847968, 7.494635573687338 ], [ 1.16125144250772, 7.494456253654704 ], [ 1.16139658948657, 7.494269095633399 ], [ 1.161531722947047, 7.494074612621307 ], [ 1.161656472500201, 7.493873337693779 ], [ 1.16177049622078, 7.493665822542384 ], [ 1.16187348158438, 7.493452635962655 ], [ 1.161965146323974, 7.49323436229493 ], [ 1.162045239203492, 7.493011599822597 ], [ 1.162113540706327, 7.492784959132131 ], [ 1.162169863636876, 7.492555061439414 ], [ 1.16221405363348, 7.492322536886909 ], [ 1.16224598959134, 7.492088022816394 ], [ 1.16226558399428, 7.491852162021964 ], [ 1.162272783154421, 7.491615600988094 ], [ 1.162267567359124, 7.491378988117601 ], [ 1.162249950924812, 7.491142971954361 ], [ 1.1622199821575, 7.490908199405633 ], [ 1.162177743220173, 7.490675313968913 ], [ 1.162142803343564, 7.490527340829555 ], [ 1.162158135440015, 7.490527004178947 ], [ 1.162394616318977, 7.490509422285911 ], [ 1.162629851133631, 7.490479512223408 ], [ 1.162863195101024, 7.490437355970585 ], [ 1.163094008621027, 7.490383069073682 ], [ 1.163321659029665, 7.490316800329348 ], [ 1.163545522333423, 7.490238731376775 ], [ 1.163764984919781, 7.490149076199859 ], [ 1.163979445239298, 7.49004808054063 ], [ 1.164188315454598, 7.489936021225667 ], [ 1.164391023051786, 7.489813205407286 ], [ 1.164587012409827, 7.489679969721587 ], [ 1.164775746323615, 7.489536679365702 ], [ 1.164956707476548, 7.489383727096717 ], [ 1.165129399858564, 7.489221532155073 ], [ 1.165293350125759, 7.489050539115357 ], [ 1.165421471100618, 7.488902082495602 ], [ 1.165479083358006, 7.488858341910858 ], [ 1.165660043998198, 7.488705389220729 ], [ 1.165832735858748, 7.488543193870412 ], [ 1.165996685597185, 7.488372200435619 ], [ 1.166151443834685, 7.488192877607506 ], [ 1.166296586387835, 7.488005716907938 ], [ 1.1664317154313, 7.487811231342122 ], [ 1.166556460588242, 7.487609953992392 ], [ 1.166670479945467, 7.487402436556951 ], [ 1.166773460990532, 7.48718924783758 ], [ 1.166865121468244, 7.486970972180459 ], [ 1.166945210154216, 7.486748207874415 ], [ 1.167013507543327, 7.486521565510943 ], [ 1.167069826451247, 7.486291666310485 ], [ 1.167114012527329, 7.486059140419623 ], [ 1.167145944677513, 7.485824625183793 ], [ 1.167165535396044, 7.485588763400262 ], [ 1.167172731005127, 7.485352201556209 ], [ 1.167167511801843, 7.485115588056652 ], [ 1.167149892111936, 7.48487957144718 ], [ 1.167119920250325, 7.484644798636264 ], [ 1.167077678388456, 7.484411913122111 ], [ 1.167023282328842, 7.484181553228833 ], [ 1.166959099031709, 7.483961939092963 ], [ 1.166992217032916, 7.483950389090556 ], [ 1.167211675871848, 7.483860731236414 ], [ 1.167426132377432, 7.483759732931985 ], [ 1.167634998722768, 7.483647671011098 ], [ 1.167837702404583, 7.483524852633208 ], [ 1.16803368781259, 7.483391614441426 ], [ 1.168222417752528, 7.483248321639744 ], [ 1.168403374918698, 7.483095366991956 ], [ 1.168576063311978, 7.48293316974501 ], [ 1.16874000959941, 7.482762174479809 ], [ 1.168894764411634, 7.482582849892522 ], [ 1.169039903574629, 7.48239568750982 ], [ 1.169175029272359, 7.482201200341522 ], [ 1.169299771137157, 7.48199992147434 ], [ 1.169413787264852, 7.481792402610631 ], [ 1.169516765151851, 7.481579212556072 ], [ 1.169608422551615, 7.4813609356605 ], [ 1.169688508248186, 7.481138170216129 ], [ 1.169756802744634, 7.480911526817549 ], [ 1.169813118864543, 7.480681626688048 ], [ 1.169857302264901, 7.48044909997673 ], [ 1.169889231858969, 7.480214584031273 ], [ 1.169908820147988, 7.479978721650887 ], [ 1.169916013460807, 7.479742159324369 ], [ 1.169910792100784, 7.479505545458059 ], [ 1.169893170399559, 7.479269528598538 ], [ 1.169863196677551, 7.479034755654963 ], [ 1.169820953111286, 7.478801870125891 ], [ 1.169766555507933, 7.478571510335481 ], [ 1.169700152987657, 7.478344307683867 ], [ 1.169621927574681, 7.478120884916537 ], [ 1.169532093698142, 7.477901854417463 ], [ 1.169430897604161, 7.477687816530589 ], [ 1.169318616680704, 7.477479357914397 ], [ 1.169195558697096, 7.477277049933961 ], [ 1.169062060960285, 7.477081447094927 ], [ 1.168918489390159, 7.476893085523723 ], [ 1.168765237516452, 7.476712481498162 ], [ 1.1686027254, 7.476540130032442 ], [ 1.168431398481294, 7.476376503520453 ], [ 1.168251726359488, 7.476222050441072 ], [ 1.168064201505225, 7.476077194129021 ], [ 1.167869337910782, 7.475942331614673 ], [ 1.167667669681259, 7.475817832535907 ], [ 1.167459749570662, 7.475704038125095 ], [ 1.167246147466893, 7.475601260273913 ], [ 1.167027448829797, 7.475509780678603 ], [ 1.166804253086554, 7.475429850067974 ], [ 1.166577171988811, 7.47536168751628 ], [ 1.166346827936039, 7.475305479842858 ], [ 1.166113852269745, 7.475261381100196 ], [ 1.165878883543166, 7.475229512151766 ], [ 1.165642565771235, 7.475209960340815 ], [ 1.16540554666557, 7.475202779251093 ], [ 1.165168475859354, 7.475207988560004 ], [ 1.164932003126947, 7.475225573984766 ], [ 1.164696776603126, 7.475255487321582 ], [ 1.164463441006814, 7.475297646577825 ], [ 1.164232635874177, 7.475351936196783 ], [ 1.164004993805926, 7.475418207374396 ], [ 1.163781138733617, 7.475496278467142 ], [ 1.16356168420972, 7.475585935489879 ], [ 1.163347231726111, 7.475686932702347 ], [ 1.163138369065627, 7.475798993282677 ], [ 1.162935668691166, 7.475921810086103 ], [ 1.162739686176779, 7.476055046486756 ], [ 1.162550958685027, 7.476198337300277 ], [ 1.162370003494782, 7.476351289784652 ], [ 1.16219731658352, 7.476513484716635 ], [ 1.162033371267963, 7.476684477540689 ], [ 1.16187861690682, 7.476863799587386 ], [ 1.161733477669171, 7.477050959357895 ], [ 1.16159835137187, 7.477245443871013 ], [ 1.161473608389153, 7.47744672006912 ], [ 1.161359590637438, 7.477654236279103 ], [ 1.161256610638113, 7.477867423724356 ], [ 1.161164950660859, 7.478085698083637 ], [ 1.161084861949873, 7.478308461092519 ], [ 1.161016564035115, 7.478535102183082 ], [ 1.160960244130449, 7.478765000157352 ], [ 1.160916056620354, 7.47899752488981 ], [ 1.160884122636597, 7.479232039054471 ], [ 1.160864529726031, 7.479467899871643 ], [ 1.160857331610443, 7.479704460869645 ], [ 1.160862548039093, 7.479941073656695 ], [ 1.160880164734369, 7.480177089698038 ], [ 1.160910133430703, 7.480411862093482 ], [ 1.160952372006628, 7.480644747350475 ], [ 1.161006764709652, 7.480875107147835 ], [ 1.161070944740471, 7.481094721346921 ], [ 1.161037826925849, 7.481106270919943 ], [ 1.160818369090443, 7.481195925736255 ], [ 1.160603913245343, 7.481296920768909 ], [ 1.160395047182582, 7.481408979202004 ], [ 1.160192343374372, 7.481531793896671 ], [ 1.159996357404158, 7.481665028232821 ], [ 1.159807626443963, 7.481808317031757 ], [ 1.159626667782154, 7.481961267556994 ], [ 1.159453977405712, 7.482123460590662 ], [ 1.159290028640847, 7.48229445158243 ], [ 1.159161908501769, 7.482442906424462 ], [ 1.159104296814915, 7.482486646246175 ], [ 1.158923337640907, 7.482639596350129 ], [ 1.158750646743499, 7.482801788974936 ], [ 1.15858669745033, 7.482972779571393 ], [ 1.158431939131002, 7.483152099476179 ], [ 1.158286795965439, 7.483339257196347 ], [ 1.158151665781254, 7.48353373975633 ], [ 1.158026918963334, 7.483735014103858 ], [ 1.157912897438611, 7.483942528570916 ], [ 1.157809913738812, 7.484155714385688 ], [ 1.157718250143766, 7.484373987231399 ], [ 1.157638157907591, 7.484596748847791 ], [ 1.157621531320174, 7.48465191978826 ], [ 1.157420242260768, 7.484656338139723 ], [ 1.157183765049812, 7.484673918083729 ], [ 1.156948533786504, 7.484703825910096 ], [ 1.156715193202725, 7.484745979641264 ], [ 1.156484382848283, 7.484800263735659 ], [ 1.156256735338165, 7.484866529404346 ], [ 1.15617370875047, 7.484895482789296 ], [ 1.156177788083314, 7.484881946778253 ], [ 1.156234111913696, 7.484652050277668 ], [ 1.156278303092835, 7.484419526814587 ], [ 1.15631024051267, 7.484185013727808 ], [ 1.156329836652989, 7.483949153808744 ], [ 1.156337037821126, 7.483712593539487 ], [ 1.156331824298918, 7.483475981320771 ], [ 1.156314210396535, 7.483239965694693 ], [ 1.156284244413034, 7.483005193567076 ], [ 1.15624200850375, 7.482772308434267 ], [ 1.156187618454888, 7.482541948619373 ], [ 1.156121223365935, 7.48231474552262 ], [ 1.156043005240772, 7.482091321890756 ], [ 1.155953178488593, 7.48187229011014 ], [ 1.155851989336025, 7.481658250528253 ], [ 1.155739715152043, 7.481449789808244 ], [ 1.155616663687538, 7.481247479320966 ], [ 1.155483172231628, 7.481051873578951 ], [ 1.155339606687024, 7.480863508716589 ], [ 1.155186360566982, 7.480682901020723 ], [ 1.155023853916607, 7.48051054551561 ], [ 1.154852532161445, 7.480346914606208 ], [ 1.154672864886537, 7.48019245678344 ], [ 1.154485344549272, 7.480047595395027 ], [ 1.154290485129583, 7.479912727485228 ], [ 1.154088820721158, 7.479788222706701 ], [ 1.153880904067557, 7.479674422307416 ], [ 1.153667305047234, 7.479571638195448 ], [ 1.153448609111603, 7.479480152084163 ], [ 1.153225415680462, 7.479400214720206 ], [ 1.152998336499134, 7.479332045196301 ], [ 1.15276799396185, 7.479275830350876 ], [ 1.152723155706343, 7.479267341706881 ], [ 1.152695309812035, 7.479260545935069 ], [ 1.152462335280629, 7.479216439805532 ], [ 1.152227367279055, 7.479184563309359 ], [ 1.151991049820259, 7.479165003810468 ], [ 1.151754030614996, 7.479157814913628 ], [ 1.151516959296712, 7.479163016317612 ], [ 1.151280485641162, 7.479180593761262 ] ] ], [ [ [ 1.156417835964199, 7.5032839999009 ], [ 1.156222967155416, 7.503149130318381 ], [ 1.156021292901258, 7.503024623809558 ], [ 1.155813365972241, 7.50291082162712 ], [ 1.155599756274943, 7.502808035684005 ], [ 1.155381049290001, 7.502716547698583 ], [ 1.155157844467448, 7.502636608422609 ], [ 1.154930753583778, 7.50256843695404 ], [ 1.154700399065242, 7.502512220136618 ], [ 1.15446741228198, 7.502468112047839 ], [ 1.154232431817646, 7.502436233576748 ], [ 1.153996101719277, 7.502416672092663 ], [ 1.153759069732212, 7.502409481205808 ], [ 1.153521985524866, 7.502414680620402 ], [ 1.153285498908258, 7.502432256080753 ], [ 1.153050258055139, 7.50246215941036 ], [ 1.152816907723629, 7.50250430864399 ], [ 1.152586087490201, 7.502558588252391 ], [ 1.152358429996871, 7.502624849458932 ], [ 1.152134559217399, 7.502702910647412 ], [ 1.151915088747225, 7.502792557859833 ], [ 1.15170062012186, 7.502893545382829 ], [ 1.151491741168307, 7.503005596421094 ], [ 1.151289024394058, 7.503128403856032 ], [ 1.151093025418049, 7.503261631087468 ], [ 1.150904281447904, 7.503404912956193 ], [ 1.15072330980761, 7.503557856744745 ], [ 1.150550606519687, 7.503720043253733 ], [ 1.150386644945707, 7.503891027950751 ], [ 1.150231874488913, 7.504070342188678 ], [ 1.150086719362481, 7.504257494490125 ], [ 1.149951577426802, 7.50445197189441 ], [ 1.149826819098971, 7.504653241363433 ], [ 1.149712786337472, 7.504860751242578 ], [ 1.149609791704844, 7.50507393277264 ], [ 1.149518117510899, 7.505292201648631 ], [ 1.149438015038831, 7.505514959621206 ], [ 1.149369703856352, 7.5057415961363 ], [ 1.149313371213738, 7.50597149000851 ], [ 1.149269171530434, 7.506204011123626 ], [ 1.149237225971629, 7.506438522165609 ], [ 1.149217622115966, 7.506674380363356 ], [ 1.149210413715301, 7.506910939252422 ], [ 1.149215620547155, 7.50714755044683 ], [ 1.1492332283603, 7.50738356541622 ], [ 1.149263188913587, 7.507618337263364 ], [ 1.149277518977314, 7.507697360854294 ], [ 1.14912559686007, 7.507840028694456 ], [ 1.148961632919855, 7.508011012316222 ], [ 1.148806860129675, 7.508190325521704 ], [ 1.148661702709103, 7.508377476836343 ], [ 1.148526558524814, 7.508571953302172 ], [ 1.148401798000068, 7.508773221883666 ], [ 1.148287763099372, 7.508980730928653 ], [ 1.14818476639113, 7.509193911680217 ], [ 1.148093090190849, 7.509412179835513 ], [ 1.148012985787225, 7.509634937147171 ], [ 1.147944672753272, 7.509861573062953 ], [ 1.147888338344349, 7.510091466399106 ], [ 1.147844136984747, 7.510323987042884 ], [ 1.147812189844261, 7.510558497679556 ], [ 1.147792584505881, 7.510794355539134 ], [ 1.147785374725532, 7.511030914158096 ], [ 1.147790580284534, 7.511267525151219 ], [ 1.147808186935154, 7.511503539988693 ], [ 1.147825353210675, 7.51163806014447 ], [ 1.147659964044612, 7.511777828813045 ], [ 1.147487255921193, 7.51194001298987 ], [ 1.147323289558826, 7.512110995437558 ], [ 1.147168514373871, 7.512290307515171 ], [ 1.147023354592457, 7.512477457751249 ], [ 1.146888208087731, 7.512671933190779 ], [ 1.146787645545487, 7.51283416091799 ], [ 1.146634170183944, 7.512829501617561 ], [ 1.146397081152888, 7.512834695782857 ], [ 1.146160589450622, 7.512852265952153 ], [ 1.145925343263807, 7.51288216396344 ], [ 1.145691987365147, 7.512924307866044 ], [ 1.145461161346342, 7.512978582145312 ], [ 1.145233497865232, 7.513044838039208 ], [ 1.145009620911953, 7.513122893946089 ], [ 1.144790144098832, 7.51321253592242 ], [ 1.144575668978731, 7.513313518269182 ], [ 1.144366783396423, 7.513425564205266 ], [ 1.144164059877535, 7.513548366626048 ], [ 1.143968054059461, 7.51368158894511 ], [ 1.143779303168547, 7.513824866016709 ], [ 1.143598324547726, 7.513977805136539 ], [ 1.143491157134426, 7.51407843970772 ], [ 1.14348090167918, 7.51407649790267 ], [ 1.143245917424393, 7.514044612238537 ], [ 1.143009583118551, 7.514025043437035 ], [ 1.142772546518497, 7.514017845128413 ], [ 1.142535457305262, 7.514023037037203 ], [ 1.142298965303551, 7.514040604928264 ], [ 1.142063718700841, 7.514070500645795 ], [ 1.14183036227097, 7.514112642245425 ], [ 1.141599535607087, 7.514166914218793 ], [ 1.141371871368796, 7.514233167810175 ], [ 1.141147993548294, 7.514311221424228 ], [ 1.140928515760281, 7.514400861123701 ], [ 1.14071403956028, 7.514501841215809 ], [ 1.140505152796012, 7.514613884925606 ], [ 1.140302427996335, 7.51473668515458 ], [ 1.140106420802141, 7.51486990532231 ], [ 1.139917668443539, 7.515013180288949 ], [ 1.139736688267471, 7.51516611735596 ], [ 1.139563976319816, 7.515328297342386 ], [ 1.139400005985851, 7.515499275733708 ], [ 1.1392452266928, 7.515678583900106 ], [ 1.139100062678033, 7.515865730380864 ], [ 1.138964911826282, 7.516060202231258 ], [ 1.138840144579062, 7.51626146642845 ], [ 1.138726102919292, 7.516468971332295 ], [ 1.138623099433893, 7.516682148197252 ], [ 1.138531416456937, 7.516900412731149 ], [ 1.138451305295691, 7.517123166696579 ], [ 1.13838298554169, 7.517349799550492 ], [ 1.138326644468714, 7.51757969011755 ], [ 1.138282436519328, 7.517812208292633 ], [ 1.138250482881396, 7.518046716767805 ], [ 1.138230871155728, 7.518282572779024 ], [ 1.138223655115777, 7.518519129867867 ], [ 1.138228854560034, 7.518755739653322 ], [ 1.138246455257551, 7.518991753608926 ], [ 1.13827640898672, 7.519226524840251 ], [ 1.138318633667219, 7.519459409857982 ], [ 1.138373013584764, 7.519689770341637 ], [ 1.138439399708042, 7.519916974889159 ], [ 1.138517610096979, 7.520140400747536 ], [ 1.138607430401205, 7.520359435519727 ], [ 1.138708614447371, 7.52057347884325 ], [ 1.138820884913691, 7.520781944035752 ], [ 1.138943934089884, 7.520984259703109 ], [ 1.139077424720421, 7.521179871305656 ], [ 1.139220990928759, 7.521368242678207 ], [ 1.139374239220063, 7.521548857499717 ], [ 1.139536749559628, 7.521721220708578 ], [ 1.139708076524079, 7.521884859859654 ], [ 1.139887750522178, 7.522039326419319 ], [ 1.140075279081893, 7.52218419699496 ], [ 1.140270148200211, 7.522319074495594 ], [ 1.140471823751986, 7.522443589220381 ], [ 1.14067975295397, 7.522557399872065 ], [ 1.140893365879994, 7.522660194492572 ], [ 1.141112077023182, 7.522751691318187 ], [ 1.141335286900868, 7.522831639551959 ], [ 1.141562383697861, 7.522899820051244 ], [ 1.141792744943519, 7.522956045928463 ], [ 1.142025739218057, 7.523000163063458 ], [ 1.142260727883391, 7.523032050526016 ], [ 1.142497066833792, 7.523051620907428 ], [ 1.142734108261531, 7.52305882056014 ], [ 1.142971202432684, 7.523053629744895 ], [ 1.143207699468225, 7.523036062684855 ], [ 1.143442951125527, 7.523006167526702 ], [ 1.14367631257537, 7.522964026208696 ], [ 1.143907144169606, 7.522909754236105 ], [ 1.143940728207229, 7.522899980968108 ], [ 1.143932471846062, 7.522999285587524 ], [ 1.143925258167822, 7.523235843459006 ], [ 1.143930460148302, 7.523472453898526 ], [ 1.143948063549613, 7.523708468377811 ], [ 1.143978020142748, 7.523943240000979 ], [ 1.144020247839543, 7.524176125277628 ], [ 1.144074630917453, 7.524406485886551 ], [ 1.144141020336509, 7.524633690425326 ], [ 1.144219234147605, 7.524857116140949 ], [ 1.144309057990992, 7.525076150636758 ], [ 1.144410245683618, 7.52529019355101 ], [ 1.1445225198937, 7.525498658202459 ], [ 1.144559381797337, 7.525559263938913 ], [ 1.144579667349709, 7.525718241889362 ], [ 1.144621895321605, 7.525951127210499 ], [ 1.144676278727232, 7.526181487858622 ], [ 1.144742668525727, 7.526408692431198 ], [ 1.144820882766948, 7.526632118175124 ], [ 1.144910707089968, 7.526851152693659 ], [ 1.145011895310424, 7.527065195624998 ], [ 1.145124170095087, 7.527273660287837 ], [ 1.145247223721838, 7.527475975289501 ], [ 1.145380718922939, 7.527671586092126 ], [ 1.145524289809311, 7.527859956532704 ], [ 1.145677542873285, 7.528040570292736 ], [ 1.145840058067062, 7.528212932313506 ], [ 1.145892917254157, 7.528263417756004 ], [ 1.145843171393164, 7.528466402203979 ], [ 1.145798964736917, 7.528698921737937 ], [ 1.145767012771697, 7.528933431443908 ], [ 1.145747403093764, 7.529169288554471 ], [ 1.145740189470991, 7.529405846608157 ], [ 1.145745391695276, 7.529642457221303 ], [ 1.145762995528079, 7.529878471865152 ], [ 1.145792952739224, 7.530113243643369 ], [ 1.145835181238872, 7.530346129065111 ], [ 1.14588956530229, 7.530576489808774 ], [ 1.145955955886822, 7.530803694471559 ], [ 1.146034171040178, 7.531027120300106 ], [ 1.14612399639894, 7.531246154897445 ], [ 1.146225185775913, 7.531460197901537 ], [ 1.146337461834702, 7.531668662630881 ], [ 1.146460516849699, 7.531870977692608 ], [ 1.146594013549365, 7.532066588548685 ], [ 1.146737586040516, 7.532254959035954 ], [ 1.146890840811082, 7.532435572835771 ], [ 1.147053357808586, 7.532607934889316 ], [ 1.147063864611004, 7.532617969755095 ], [ 1.146947934279994, 7.532608370803401 ], [ 1.146710887070594, 7.532601172152197 ], [ 1.146473787228133, 7.53260636373539 ], [ 1.146237284606397, 7.532623931318726 ], [ 1.146002027421923, 7.53265382674728 ], [ 1.145768660477507, 7.53269596807747 ], [ 1.145537823395073, 7.532750239801702 ], [ 1.145310148862739, 7.532816493164962 ], [ 1.145086260900881, 7.53289454657254 ], [ 1.144866773151961, 7.532984186087785 ], [ 1.144652287198775, 7.533085166018435 ], [ 1.144443390915754, 7.533197209590024 ], [ 1.144240656857824, 7.533320009704431 ], [ 1.144044640691241, 7.533453229781584 ], [ 1.143855879670696, 7.533596504681908 ], [ 1.143674891166871, 7.533749441707076 ], [ 1.143502171248471, 7.533911621676268 ], [ 1.143338193322628, 7.534082600075046 ], [ 1.143183406837387, 7.53426190827359 ], [ 1.143038236049849, 7.534449054811107 ], [ 1.142903078863335, 7.534643526742757 ], [ 1.142778305736748, 7.534844791045489 ], [ 1.142664258669156, 7.535052296078886 ], [ 1.142561250262338, 7.535265473097067 ], [ 1.142469562863895, 7.535483737807458 ], [ 1.142389447793257, 7.53570649197217 ], [ 1.14232112465272, 7.535933125047618 ], [ 1.142264780725395, 7.536163015857865 ], [ 1.142228206374285, 7.536355374185075 ], [ 1.142189442050493, 7.536463155054666 ], [ 1.14212111859838, 7.536689788037126 ], [ 1.142064774376059, 7.536919678764469 ], [ 1.142020563834777, 7.537152197131131 ], [ 1.141988608169558, 7.537386705828645 ], [ 1.141968994986823, 7.537622562092375 ], [ 1.141961778064071, 7.537859119463183 ], [ 1.141966977202269, 7.538095729559287 ], [ 1.141984578171357, 7.538331743853351 ], [ 1.142014532749037, 7.538566515450015 ], [ 1.142056758852711, 7.53879940085894 ], [ 1.142111140764238, 7.53902976175856 ], [ 1.142177529446884, 7.53925696674565 ], [ 1.142255742953601, 7.53948039306597 ], [ 1.142345566925506, 7.539699428321202 ], [ 1.142446755179232, 7.539913472147499 ], [ 1.142559030381484, 7.540121937861108 ], [ 1.142682084809023, 7.54032425406646 ], [ 1.142815581191941, 7.540519866222381 ], [ 1.14295915363794, 7.540708238162135 ], [ 1.143112408635091, 7.5408888535631 ], [ 1.143274926130309, 7.541061217362055 ], [ 1.1434462606806, 7.541224857112218 ], [ 1.143625942673919, 7.541379324278293 ], [ 1.143813479616305, 7.54152419546599 ], [ 1.144008357481743, 7.541659073582616 ], [ 1.144210042121086, 7.541783588925625 ], [ 1.144417980726144, 7.541897400196051 ], [ 1.144631603344939, 7.542000195434105 ], [ 1.144850324443985, 7.542091692874368 ], [ 1.145073544513284, 7.54217164171819 ], [ 1.145300651709662, 7.542239822821253 ], [ 1.145531023533926, 7.542296049294309 ], [ 1.145764028537242, 7.542340167015567 ], [ 1.145999028052068, 7.542372055053209 ], [ 1.146235377942879, 7.542391625996951 ], [ 1.146472430371908, 7.542398826197708 ], [ 1.146709535575022, 7.542393635914718 ], [ 1.146946043642906, 7.542376069369702 ], [ 1.147181306302641, 7.54234617470795 ], [ 1.147414678694802, 7.542304033866367 ], [ 1.147645521141202, 7.54224976234894 ], [ 1.147873200898434, 7.542183508910157 ], [ 1.148097093892395, 7.542105455147266 ], [ 1.148316586429052, 7.54201581500253 ], [ 1.148531076876735, 7.541914834176798 ], [ 1.148739977315367, 7.541802789456022 ], [ 1.148942715148098, 7.541679987952544 ], [ 1.149138734670915, 7.541546766263278 ], [ 1.149327498595941, 7.541403489547029 ], [ 1.149508489524233, 7.541250550523565 ], [ 1.149681211364051, 7.541088368397075 ], [ 1.149845190690696, 7.540917387707087 ], [ 1.14999997804421, 7.540738077109905 ], [ 1.150145149161344, 7.540550928093937 ], [ 1.15028030613847, 7.54035645363245 ], [ 1.150405078522191, 7.540155186777421 ], [ 1.150519124324709, 7.539947679198372 ], [ 1.150622130961137, 7.539734499670138 ], [ 1.150713816106192, 7.539516232513801 ], [ 1.150793928467944, 7.539293475994963 ], [ 1.150862248476461, 7.539066840683852 ], [ 1.150918588885509, 7.538836947781656 ], [ 1.150955160051283, 7.538644587864847 ], [ 1.150993922721249, 7.538536805747651 ], [ 1.151062242418537, 7.538310170343795 ], [ 1.151118582532974, 7.538080277358918 ], [ 1.151162788655895, 7.537847756922641 ], [ 1.151194739638409, 7.537613246365507 ], [ 1.151214347923267, 7.537377388472024 ], [ 1.15122155978466, 7.537140829718757 ], [ 1.15121635547526, 7.536904218502302 ], [ 1.151198749280134, 7.536668203362035 ], [ 1.15116878947736, 7.536433431202425 ], [ 1.151126558205479, 7.536200545519916 ], [ 1.151072171238129, 7.535970184639113 ], [ 1.151005777666489, 7.535742979963141 ], [ 1.15092755949041, 7.535519554243048 ], [ 1.150837731119356, 7.535300519870878 ], [ 1.150736538784503, 7.535086477201187 ], [ 1.150624259863654, 7.53487801290554 ], [ 1.150501202120777, 7.534675698364532 ], [ 1.15036770286228, 7.534480088101752 ], [ 1.150224128012327, 7.534291718263928 ], [ 1.150070871109738, 7.534111105151464 ], [ 1.149908352229208, 7.533938743803409 ], [ 1.149897845320166, 7.533928708982842 ], [ 1.150013776251286, 7.533938307253513 ], [ 1.150250824674403, 7.533945504304813 ], [ 1.150487925704389, 7.533940310841158 ], [ 1.150724429443392, 7.533922741092992 ], [ 1.150959687630381, 7.533892843214382 ], [ 1.151193055418219, 7.533850699151072 ], [ 1.151423893141362, 7.533796424415882 ], [ 1.151651568069375, 7.533730167772118 ], [ 1.151875456141417, 7.533652110825812 ], [ 1.152094943676971, 7.533562467527964 ], [ 1.152309429058096, 7.533461483588065 ], [ 1.152518324378629, 7.533349435800592 ], [ 1.152721057055768, 7.533226631286295 ], [ 1.152917071399651, 7.53309340665033 ], [ 1.153105830136614, 7.532950127059582 ], [ 1.15328681588195, 7.532797185241677 ], [ 1.153459532558142, 7.532635000408463 ], [ 1.153623506754656, 7.532464017106877 ], [ 1.1537782890256, 7.532284704000364 ], [ 1.153923455121669, 7.532097552584197 ], [ 1.154058607152998, 7.531903075838215 ], [ 1.15418337467975, 7.531701806820639 ], [ 1.154297415727439, 7.5314942972069 ], [ 1.154400417724203, 7.531281115777403 ], [ 1.154492098357475, 7.53106284685842 ], [ 1.154572206347679, 7.530840088720375 ], [ 1.154640522136858, 7.530613451937908 ], [ 1.154696858490324, 7.530383557716235 ], [ 1.15474106100971, 7.530151036188349 ], [ 1.154773008555983, 7.529916524687772 ], [ 1.154792613581297, 7.529680666001584 ], [ 1.154799822368758, 7.529444106608516 ], [ 1.154794615179441, 7.529207494906911 ], [ 1.154777006306285, 7.528971479437449 ], [ 1.154747044034689, 7.528736707105509 ], [ 1.154704810509936, 7.528503821408001 ], [ 1.154650421511814, 7.528273460669552 ], [ 1.154584026137047, 7.528046256292903 ], [ 1.154505806390405, 7.52782283102828 ], [ 1.154415976685633, 7.527603797266477 ], [ 1.154314783257541, 7.527389755360371 ], [ 1.154202503486909, 7.527181291979439 ], [ 1.154079445140012, 7.526978978501774 ], [ 1.153945945524895, 7.526783369448053 ], [ 1.153802370566684, 7.526595000961694 ], [ 1.153649113804479, 7.526414389339412 ], [ 1.153486595312577, 7.526242029616167 ], [ 1.153433735210236, 7.526191544931827 ], [ 1.153483477230032, 7.525988558678909 ], [ 1.15352767935008, 7.525756037278343 ], [ 1.153559626629482, 7.525521525902053 ], [ 1.153579231521112, 7.525285667336788 ], [ 1.153586440308427, 7.52504910806094 ], [ 1.153581233252491, 7.524812496472537 ], [ 1.153563624645867, 7.524576481111953 ], [ 1.153533662773209, 7.524341708884273 ], [ 1.153491429778698, 7.524108823286126 ], [ 1.153437041440659, 7.523878462641871 ], [ 1.153370646853995, 7.523651258353996 ], [ 1.15329242802131, 7.523427833172487 ], [ 1.153202599353832, 7.523208799487925 ], [ 1.153101407083526, 7.522994757652969 ], [ 1.152989128587992, 7.522786294336916 ], [ 1.152952265479879, 7.522725689074595 ], [ 1.152931976653847, 7.522566710782445 ], [ 1.152889743935416, 7.522333825228216 ], [ 1.152835355925987, 7.522103464622553 ], [ 1.152768961719557, 7.521876260367836 ], [ 1.152690743317684, 7.521652835213965 ], [ 1.152600915130416, 7.521433801551443 ], [ 1.152499723388395, 7.521219759732881 ], [ 1.152387445467772, 7.521011296427524 ], [ 1.152264389129748, 7.520808983013273 ], [ 1.152130891676858, 7.520613374010639 ], [ 1.152034516062549, 7.520486928463002 ], [ 1.152051614849121, 7.520477756556747 ], [ 1.152254340736602, 7.520354950768791 ], [ 1.152450348427233, 7.520221724897246 ], [ 1.152494687191549, 7.520188067603359 ], [ 1.152716569081401, 7.520123492350833 ], [ 1.152940449515366, 7.520045433070928 ], [ 1.153159929431216, 7.519955787470078 ], [ 1.153374407231929, 7.519854801264073 ], [ 1.153583295032143, 7.5197427512536 ], [ 1.153786020269691, 7.519619944565478 ], [ 1.153982027275125, 7.519486717810814 ], [ 1.154170778794909, 7.51934343616228 ], [ 1.154351757464136, 7.519190492353125 ], [ 1.154524467224687, 7.51902830560064 ], [ 1.154688434684993, 7.518857320457005 ], [ 1.154843210417627, 7.518678005590698 ], [ 1.154988370191201, 7.518490852501794 ], [ 1.155032436875706, 7.518427439490101 ], [ 1.155214207698272, 7.51845209971114 ], [ 1.155450546507913, 7.518471662647277 ], [ 1.15568758739343, 7.518478854740355 ], [ 1.155924680622395, 7.518473656271856 ], [ 1.156161176318378, 7.518456081485962 ], [ 1.156396426242442, 7.518426178550566 ], [ 1.156629785570138, 7.518384029425277 ], [ 1.15686061465916, 7.518329749636789 ], [ 1.157088280802781, 7.518263487962269 ], [ 1.157312159964284, 7.518185426021547 ], [ 1.157531638487614, 7.518095777779298 ], [ 1.157660924684354, 7.518034901790892 ], [ 1.157683068633208, 7.518208399742456 ], [ 1.157725304159277, 7.51844128540005 ], [ 1.157779694912366, 7.51867164595085 ], [ 1.157846091831435, 7.518898849992571 ], [ 1.157924312946791, 7.519122274773535 ], [ 1.158014143878625, 7.519341307899627 ], [ 1.158115338424423, 7.519555349012827 ], [ 1.158227619233575, 7.519763811436813 ], [ 1.158350678567408, 7.519966123785024 ], [ 1.1584841791425, 7.520161731526873 ], [ 1.158627755055003, 7.520350098507728 ], [ 1.158781012783429, 7.520530708418575 ], [ 1.158943532267156, 7.520703066211255 ], [ 1.159114868057689, 7.52086669945548 ], [ 1.159294550539548, 7.521021159633813 ], [ 1.159482087217393, 7.521166023371139 ], [ 1.15967696406591, 7.521300893595238 ], [ 1.159878646938717, 7.521425400625232 ], [ 1.16008658303245, 7.52153920318498 ], [ 1.160300202402009, 7.521641989338616 ], [ 1.160518919522815, 7.521733477345665 ], [ 1.160742134895782, 7.521813416433387 ], [ 1.160969236690623, 7.521881587484245 ], [ 1.161199602422973, 7.521937803636605 ], [ 1.161432600660725, 7.521981910797009 ], [ 1.161667592754914, 7.522013788062631 ], [ 1.161903934590403, 7.522033348052764 ], [ 1.162140978351546, 7.522040537148389 ], [ 1.162378074298025, 7.522035335639234 ], [ 1.162614572545951, 7.522017757777826 ], [ 1.162849824849384, 7.521987851740508 ], [ 1.163083186377349, 7.521945699495403 ], [ 1.163314017481507, 7.521891416577783 ], [ 1.163541685449605, 7.521825151773406 ], [ 1.163765566239927, 7.521747086710691 ], [ 1.163985046191957, 7.521657435362901 ], [ 1.164199523708589, 7.521556443461597 ], [ 1.164408410905263, 7.521444387823089 ], [ 1.164611135221485, 7.521321575589654 ], [ 1.164807140990357, 7.521188343387604 ], [ 1.164995890961762, 7.521045056404559 ], [ 1.165176867775058, 7.520892107388399 ], [ 1.165349575377245, 7.520729915570693 ], [ 1.1655135403827, 7.520558925517509 ], [ 1.165668313370753, 7.520379605910781 ], [ 1.165813470117569, 7.520192448263582 ], [ 1.165948612758933, 7.519997965572797 ], [ 1.166073370880766, 7.519796690912922 ], [ 1.166187402534373, 7.519589175974825 ], [ 1.166290395173654, 7.519375989553469 ], [ 1.166382066511692, 7.519157715988785 ], [ 1.166462165294392, 7.518934953563887 ], [ 1.166530471989028, 7.518708312865141 ], [ 1.166586799385833, 7.518478415108456 ], [ 1.166630993110973, 7.518245890436476 ], [ 1.166662932049503, 7.518011376191306 ], [ 1.166682528677149, 7.51777551516752 ], [ 1.166689729300004, 7.517538953850217 ], [ 1.166684514201495, 7.517302340642981 ], [ 1.166666897696203, 7.517066324090588 ], [ 1.166652343996765, 7.516952314734078 ], [ 1.166754069971099, 7.517119547813564 ], [ 1.166887574372244, 7.51731515371995 ], [ 1.167031153941147, 7.517503518621583 ], [ 1.167184415146274, 7.517684126215141 ], [ 1.167346937917448, 7.517856481458819 ], [ 1.167518276797144, 7.518020111929312 ], [ 1.167547452964619, 7.518045191716476 ], [ 1.167546918023856, 7.51806276706633 ], [ 1.167552133501491, 7.518299380370501 ], [ 1.167569750382235, 7.518535397002224 ], [ 1.167599720400112, 7.518770170059664 ], [ 1.167641961430133, 7.519003056048418 ], [ 1.167696357713171, 7.519233416645284 ], [ 1.167762760173021, 7.519460620447808 ], [ 1.167840986824788, 7.51968404470496 ], [ 1.167930823273475, 7.519903077024023 ], [ 1.168032023301425, 7.520117117049187 ], [ 1.168144309542986, 7.520325578107083 ], [ 1.168267374244571, 7.520527888814886 ], [ 1.168400880108021, 7.520723494646482 ], [ 1.16854446121497, 7.520911859452475 ], [ 1.168697724029667, 7.521092466929798 ], [ 1.168860248477521, 7.521264822036962 ], [ 1.169031589096407, 7.521428452351032 ], [ 1.169211276257578, 7.521582909362601 ], [ 1.169398817452844, 7.521727769705246 ], [ 1.169593698644483, 7.521862636316049 ], [ 1.169795385674181, 7.521987139524049 ], [ 1.170003325727156, 7.522100938063592 ], [ 1.170216948847433, 7.522203720009841 ], [ 1.170435669500127, 7.522295203633872 ], [ 1.170658888176454, 7.522375138174977 ], [ 1.170885993037054, 7.5224433045281 ], [ 1.171116361589139, 7.522499515844505 ], [ 1.171349362392862, 7.52254361804401 ], [ 1.171584356792214, 7.522575490237418 ], [ 1.171820700665727, 7.522595045057943 ], [ 1.172057746192168, 7.522602228900769 ], [ 1.172294843626371, 7.522597022070039 ], [ 1.172531343080374, 7.522579438832901 ], [ 1.17276659630493, 7.522549527380452 ], [ 1.172999958466548, 7.522507369695687 ], [ 1.173230789915156, 7.522453081328817 ], [ 1.173458457937569, 7.522386811080554 ], [ 1.173682338491935, 7.522308740594267 ], [ 1.173901817918403, 7.522219083858098 ], [ 1.174116294621322, 7.522118086618406 ], [ 1.174325180718383, 7.522006025706144 ], [ 1.174527903652129, 7.521883208278061 ], [ 1.174723907759474, 7.521749970974725 ], [ 1.174912655794878, 7.521606678997743 ], [ 1.175093630403034, 7.521453725108693 ], [ 1.175266335537013, 7.521291528552505 ], [ 1.175430297817981, 7.521120533908243 ], [ 1.175585067832766, 7.520941209870416 ], [ 1.175730221365707, 7.52075404796424 ], [ 1.175865360561428, 7.520559561198276 ], [ 1.175990115015318, 7.520358282658169 ], [ 1.176104142788761, 7.52015076404542 ], [ 1.176207131346317, 7.519937574165051 ], [ 1.176298798412279, 7.519719297366454 ], [ 1.176378892744282, 7.519496531941591 ], [ 1.176447194821817, 7.519269888485026 ], [ 1.17650351744779, 7.519039988220206 ], [ 1.176547706261457, 7.518807461296636 ], [ 1.176579640161346, 7.518572945062559 ], [ 1.176599231637004, 7.518337082317973 ], [ 1.17660642700865, 7.518100519552674 ], [ 1.176601206574108, 7.517863905174184 ], [ 1.176583584662586, 7.517627887730464 ], [ 1.176553609595181, 7.517393114132255 ], [ 1.176511363552203, 7.517160227879872 ], [ 1.176456962347705, 7.51692986729942 ], [ 1.176390555111809, 7.516702663793164 ], [ 1.17631232388174, 7.516479240108897 ], [ 1.176263275876509, 7.516359661280135 ], [ 1.176308661065222, 7.516209059956688 ], [ 1.176325372731653, 7.516217100306957 ], [ 1.176544092703399, 7.516308580492959 ], [ 1.176767310452226, 7.516388511476708 ], [ 1.176994414141316, 7.516456674162919 ], [ 1.177224781281101, 7.516512881712923 ], [ 1.177457780435607, 7.516556980056881 ], [ 1.177692772953357, 7.516588848316178 ], [ 1.177929114718053, 7.516608399134836 ], [ 1.17816615791425, 7.516615578919017 ], [ 1.178403252803191, 7.516610367984015 ], [ 1.178639749503903, 7.516592780608231 ], [ 1.178874999774707, 7.516562864994131 ], [ 1.179108358790225, 7.516520703136131 ], [ 1.179339186909032, 7.516466410595888 ], [ 1.179566851427091, 7.516400136185566 ], [ 1.17979072831218, 7.516322061559954 ], [ 1.180010203914525, 7.516232400718542 ], [ 1.180224676648983, 7.51613139941895 ], [ 1.180433558644144, 7.516019334503272 ], [ 1.180636277353818, 7.51589651313922 ], [ 1.18083227712652, 7.515763271978153 ], [ 1.181021020728611, 7.515619976232253 ], [ 1.181201990816958, 7.515467018673428 ], [ 1.181374691357038, 7.51530481855666 ], [ 1.181538648982629, 7.51513382047076 ], [ 1.181693414293332, 7.514954493119668 ], [ 1.181838563086398, 7.514767328037671 ], [ 1.18197369751945, 7.514572838242015 ], [ 1.182098447200945, 7.51437155682665 ], [ 1.182212470205354, 7.514164035500932 ], [ 1.182315454010314, 7.513950843077311 ], [ 1.182407116353149, 7.513732563912123 ], [ 1.182487206004439, 7.51350979630381 ], [ 1.182555503456504, 7.5132831508529 ], [ 1.182611821524921, 7.513053248788291 ], [ 1.182656005861433, 7.512820720264389 ], [ 1.182687935376832, 7.512586202633821 ], [ 1.182707522572669, 7.512350338700396 ], [ 1.182714713780882, 7.512113774957135 ], [ 1.18270948931069, 7.511877159814235 ], [ 1.182691863502347, 7.511641141821737 ], [ 1.18266188468761, 7.511406367891865 ], [ 1.182619635057043, 7.511173481525836 ], [ 1.182565230434508, 7.51094312105005 ], [ 1.182498819959475, 7.510715917866467 ], [ 1.182420585678025, 7.510492494721998 ], [ 1.182330742043654, 7.510273464001575 ], [ 1.182229535329266, 7.510059426049702 ], [ 1.182117242951968, 7.509850967524992 ], [ 1.1819941727125, 7.509648659792203 ], [ 1.181860661951413, 7.509453057356252 ], [ 1.181717076624293, 7.509264696342405 ], [ 1.181563810298573, 7.509084093026905 ], [ 1.181401283074682, 7.508911742421951 ], [ 1.181229940434489, 7.508748116919026 ], [ 1.181050252020203, 7.508593664994199 ], [ 1.180862710347075, 7.508448809979003 ], [ 1.180667829453424, 7.508313948900212 ], [ 1.180466143491706, 7.50818945139174 ], [ 1.180258205264456, 7.508075658681634 ], [ 1.180044584709156, 7.507972882656903 ], [ 1.179825867336143, 7.507881405008756 ], [ 1.179602652623865, 7.507801476460661 ], [ 1.17937555237587, 7.50773331608122 ], [ 1.179145189044023, 7.507677110683824 ], [ 1.17891219402258, 7.507633014314732 ], [ 1.178677205917734, 7.507601147830918 ], [ 1.178440868797435, 7.507581598568912 ], [ 1.178203830426243, 7.50757442010549 ], [ 1.17796674049005, 7.5075796321109 ], [ 1.177730248815569, 7.507597220294992 ], [ 1.177495003589407, 7.507627136446464 ], [ 1.177261649581673, 7.507669298565003 ], [ 1.177030826378925, 7.507723591086104 ], [ 1.176803166631339, 7.507789865197807 ], [ 1.176579294318872, 7.507867939248596 ], [ 1.1763598230412, 7.507957599245276 ], [ 1.17614535433608, 7.508058599439486 ], [ 1.175936476030779, 7.508170663001249 ], [ 1.175733760631059, 7.508293482777674 ], [ 1.175537763752141, 7.508426722134802 ], [ 1.175349022595959, 7.508570015880215 ], [ 1.175168054478848, 7.508722971263922 ], [ 1.174995355413732, 7.508885169054779 ], [ 1.174831398750677, 7.509056164689449 ], [ 1.174676633879534, 7.509235489490852 ], [ 1.174531484998235, 7.509422651952634 ], [ 1.174396349950123, 7.509617139086258 ], [ 1.174271599133484, 7.509818417826941 ], [ 1.174157574486281, 7.510025936494631 ], [ 1.174054588548875, 7.510239126306004 ], [ 1.173962923607307, 7.510457402933332 ], [ 1.17388283091947, 7.510680168105988 ], [ 1.17382081158888, 7.510885967128995 ], [ 1.173804100171839, 7.510877926741552 ], [ 1.173585383548173, 7.51078644595924 ], [ 1.173362169387487, 7.510706514164804 ], [ 1.173135069491818, 7.510638350435732 ], [ 1.173095287839998, 7.510628643682922 ], [ 1.173113990882293, 7.510491293161939 ], [ 1.173133582776366, 7.510255430852646 ], [ 1.1731407788218, 7.510018868480894 ], [ 1.173135559314551, 7.509782254453137 ], [ 1.173117938581263, 7.509546237316392 ], [ 1.173087964939781, 7.509311463980556 ], [ 1.17304572056649, 7.509078577945252 ], [ 1.172991321270845, 7.508848217535991 ], [ 1.172924916177724, 7.508621014154587 ], [ 1.172846687318464, 7.508397590548499 ], [ 1.172756849131711, 7.508178559103962 ], [ 1.172655647875452, 7.507964520167477 ], [ 1.172543360951851, 7.507756060400376 ], [ 1.172420296146716, 7.50755375117084 ], [ 1.172286790785724, 7.507358146987899 ], [ 1.172143210809683, 7.507169783981628 ], [ 1.171989949771384, 7.506989178433731 ], [ 1.171827427756786, 7.506816825362538 ], [ 1.171656090233506, 7.506653197166297 ], [ 1.171476406829755, 7.506498742328459 ], [ 1.171288870047077, 7.506353884188541 ], [ 1.171093993910416, 7.506219019781875 ], [ 1.170892312559211, 7.506094518751496 ], [ 1.170684378783391, 7.505980722335095 ], [ 1.17047076250826, 7.505877942429818 ], [ 1.170252049232446, 7.505786460737506 ], [ 1.170028838423193, 7.505706527992698 ], [ 1.16980174187337, 7.505638363275473 ], [ 1.169571382024729, 7.505582153411097 ], [ 1.16933839026199, 7.505538052458049 ], [ 1.169103405182435, 7.505506181285844 ], [ 1.168867070845732, 7.505486627243839 ], [ 1.16863003500882, 7.505479443921889 ], [ 1.168392947350656, 7.505484651003524 ], [ 1.16815645769171, 7.505502234212078 ], [ 1.16792121421307, 7.505532145349848 ], [ 1.167687861680052, 7.505574302430247 ], [ 1.16745703967517, 7.50562858990255 ], [ 1.16722938084531, 7.505694858968608 ], [ 1.167005509167905, 7.505772927990716 ], [ 1.166786038240875, 7.505862582989437 ], [ 1.166571569601005, 7.505963578230097 ], [ 1.166362691075368, 7.506075636896264 ], [ 1.166159975170308, 7.506198451848454 ], [ 1.165963977502412, 7.506331686465924 ], [ 1.165775235275755, 7.506474975569229 ], [ 1.165594265809581, 7.50662792642109 ], [ 1.165421565120489, 7.506790119802779 ], [ 1.165257606562968, 7.506961111163042 ], [ 1.165102839532035, 7.507140431836512 ], [ 1.164957688231518, 7.507327590328153 ], [ 1.164822550511361, 7.507522073660308 ], [ 1.164697796777148, 7.50772334877862 ], [ 1.164583768974812, 7.50793086401298 ], [ 1.164480779653338, 7.508144050589477 ], [ 1.164389111108018, 7.508362324189279 ], [ 1.164309014606599, 7.508585086550061 ], [ 1.16424070970046, 7.508811727105704 ], [ 1.164184383622705, 7.509041624659702 ], [ 1.164140190774811, 7.509274149087715 ], [ 1.164108252303255, 7.509508663064593 ], [ 1.164088655767274, 7.509744523811156 ], [ 1.164081454898675, 7.509981084855916 ], [ 1.164086669454347, 7.510217697806961 ], [ 1.164104285161898, 7.510453714129075 ], [ 1.164134253758544, 7.510688486921281 ], [ 1.164176493123174, 7.510921372689917 ], [ 1.164230887501205, 7.511151733112385 ], [ 1.164297287821642, 7.511378936786733 ], [ 1.164375512105437, 7.511602360962293 ], [ 1.164465345964072, 7.511821393246589 ], [ 1.164566543186982, 7.512035433283915 ], [ 1.164678826416193, 7.512243894400891 ], [ 1.164801887906373, 7.512446205214534 ], [ 1.164935390368163, 7.512641811198458 ], [ 1.16507896789252, 7.512830176202866 ], [ 1.165232226953516, 7.513010783924155 ], [ 1.165394747486855, 7.513183139320183 ], [ 1.165566084041148, 7.513346769967232 ], [ 1.1657457669988, 7.513501227354997 ], [ 1.165933303863157, 7.513646088116026 ], [ 1.166124495005231, 7.513778404516471 ], [ 1.166092359104069, 7.5139474901351 ], [ 1.166060420695424, 7.514182004377573 ], [ 1.166040824370226, 7.514417865367908 ], [ 1.166033623859717, 7.514654426633946 ], [ 1.16603883891982, 7.514891039783162 ], [ 1.166056455276769, 7.515127056279791 ], [ 1.166071008870518, 7.515241065612806 ], [ 1.165969283459395, 7.515073832530091 ], [ 1.165835779979215, 7.514878226589921 ], [ 1.165692201609495, 7.514689861608386 ], [ 1.165538941898643, 7.514509253872605 ], [ 1.165376420929005, 7.514336898406906 ], [ 1.165205084165352, 7.514173267616078 ], [ 1.165025401233829, 7.514018809990686 ], [ 1.164837864634699, 7.513873948877859 ], [ 1.164642988392416, 7.513739081321074 ], [ 1.164441306646722, 7.513614576971985 ], [ 1.164233372188628, 7.513500777077356 ], [ 1.164019754945315, 7.513397993543859 ], [ 1.163801040418066, 7.51330650808326 ], [ 1.163577828077553, 7.513226571440396 ], [ 1.163350729720838, 7.51315840270602 ], [ 1.163120367794617, 7.513102188716385 ], [ 1.162887373689296, 7.513058083541259 ], [ 1.162652386008564, 7.513026208061713 ], [ 1.162416048819205, 7.513006649638882 ], [ 1.162179009885959, 7.512999461874617 ], [ 1.161941918896251, 7.513004664464606 ], [ 1.16170542567966, 7.513022243144475 ], [ 1.161470178427002, 7.513052149728917 ], [ 1.161236821913915, 7.513094302243815 ], [ 1.161005995733796, 7.51314858515094 ], [ 1.160778332544946, 7.513214849664647 ], [ 1.16055445633672, 7.513292914159699 ], [ 1.160334980719432, 7.513382564669064 ], [ 1.160205696238705, 7.51344344188233 ], [ 1.16018355103752, 7.513269943838181 ], [ 1.160141313971851, 7.51303705816895 ], [ 1.160086921880118, 7.512806697723312 ], [ 1.160020523867478, 7.512579493903199 ], [ 1.1600172120271, 7.512570034331771 ], [ 1.160129138580147, 7.512485066208061 ], [ 1.160310112334298, 7.512332118698577 ], [ 1.160482817120903, 7.512169928356472 ], [ 1.160646779562041, 7.511998939743758 ], [ 1.160801550244062, 7.511819621538407 ], [ 1.160946704949432, 7.511632465249648 ], [ 1.161081845819514, 7.511437983870628 ], [ 1.161206602445063, 7.511236710472243 ], [ 1.161320632881462, 7.511029196741905 ], [ 1.161423624585924, 7.510816011471258 ], [ 1.161515295274069, 7.510597738997076 ], [ 1.161595393693558, 7.510374977599493 ], [ 1.161663700312634, 7.510148337862057 ], [ 1.161720027921709, 7.509918440998042 ], [ 1.161764222146341, 7.509685917147661 ], [ 1.161796161870189, 7.509451403650777 ], [ 1.161815759566798, 7.509215543299914 ], [ 1.161822961539309, 7.508978982578338 ], [ 1.161817748067423, 7.508742369888014 ], [ 1.161800133461241, 7.508506353772319 ], [ 1.161770166021817, 7.50827158113839 ], [ 1.161727927908539, 7.508038695483942 ], [ 1.161673534913713, 7.507808335133489 ], [ 1.161607136144959, 7.507581131488697 ], [ 1.161528913616292, 7.507357707297782 ], [ 1.161439081749024, 7.507138674948602 ], [ 1.16133788678384, 7.506924634790167 ], [ 1.16122560610568, 7.506716173487166 ], [ 1.161102547483262, 7.506513862412021 ], [ 1.160969048225341, 7.50631825607883 ], [ 1.160825474256026, 7.506129890623574 ], [ 1.160672219111671, 7.505949282334682 ], [ 1.160509702862111, 7.505776926238 ], [ 1.160338370959193, 7.505613294740074 ], [ 1.160158693015753, 7.505458836333409 ], [ 1.159971161518401, 7.50531397436729 ], [ 1.159776290477623, 7.50517910588754 ], [ 1.159574614018925, 7.505054600548346 ], [ 1.15936668491885, 7.504940799599192 ], [ 1.159153073089917, 7.504838014949638 ], [ 1.158934364018595, 7.504746528314517 ], [ 1.158711157160625, 7.504666590441883 ], [ 1.158484064298069, 7.50459842042585 ], [ 1.158253707862592, 7.504542205106191 ], [ 1.158020719229577, 7.504498098556308 ], [ 1.157785736987739, 7.50446622166102 ], [ 1.157549405188983, 7.504446661785352 ], [ 1.157523254956953, 7.504445868652743 ], [ 1.157415709047821, 7.504288286669524 ], [ 1.157272137345507, 7.50409992056919 ], [ 1.157118884477885, 7.503919311553232 ], [ 1.156956370508557, 7.503746954649499 ], [ 1.156785040883132, 7.503583322266744 ], [ 1.156605365208212, 7.503428862899903 ], [ 1.156417835964199, 7.5032839999009 ] ] ], [ [ [ 1.141812435463675, 7.505617209950799 ], [ 1.141711251382513, 7.50540316768158 ], [ 1.141598981502338, 7.505194703721227 ], [ 1.141475933562312, 7.504992389449464 ], [ 1.141342444841957, 7.504796779389192 ], [ 1.141198881236549, 7.504608409686617 ], [ 1.141045636254083, 7.504427796641829 ], [ 1.140883129936595, 7.504255435293721 ], [ 1.140711807708763, 7.504091798063244 ], [ 1.140532139156959, 7.503937333458606 ], [ 1.140344616742103, 7.50379246484608 ], [ 1.140149754449841, 7.503657589289694 ], [ 1.139948086381751, 7.503533076463014 ], [ 1.13974016529143, 7.503419267636025 ], [ 1.13952656106949, 7.503316474739861 ], [ 1.139307859181594, 7.503224979511912 ], [ 1.139084659063837, 7.503145032723759 ], [ 1.138857572479842, 7.503076853493917 ], [ 1.1386272218441, 7.50302062868736 ], [ 1.138394238516127, 7.502976512403452 ], [ 1.138159261070121, 7.502944625553647 ], [ 1.13792293354486, 7.502925055530201 ], [ 1.137685903678632, 7.502917855966683 ], [ 1.137448821134045, 7.502923046591068 ], [ 1.137212335717555, 7.502940613171707 ], [ 1.136977095598617, 7.502970507556393 ], [ 1.136743745533325, 7.503012647804372 ], [ 1.136512925097407, 7.503066918410977 ], [ 1.136285266933414, 7.503133170624217 ], [ 1.136061395016919, 7.503211222852501 ], [ 1.13584192294645, 7.503300861162359 ], [ 1.135627452261871, 7.503401839864788 ], [ 1.135418570795798, 7.503513882188643 ], [ 1.135215851062568, 7.503636681039182 ], [ 1.135019848689192, 7.503769899839744 ], [ 1.134831100892561, 7.503913173454214 ], [ 1.134650125007111, 7.504066109187736 ], [ 1.134477417066949, 7.504228287862997 ], [ 1.134313450446358, 7.504399264969058 ], [ 1.134158674562368, 7.504578571879611 ], [ 1.134013513642987, 7.504765717137349 ], [ 1.133878365564443, 7.504960187800918 ], [ 1.133753600760625, 7.505161450850704 ], [ 1.133639561207729, 7.505368954649705 ], [ 1.133536559486872, 7.505582130455406 ], [ 1.133444877927262, 7.505800393978536 ], [ 1.133364767832247, 7.506023146984449 ], [ 1.133296448790412, 7.506249778932736 ], [ 1.133240108073545, 7.506479668650542 ], [ 1.133195900123206, 7.506712186035082 ], [ 1.133163946127228, 7.506946693780582 ], [ 1.133144333687368, 7.507182549125025 ], [ 1.133137116579003, 7.507419105611816 ], [ 1.133142314603524, 7.507655714861616 ], [ 1.133159913533842, 7.507891728349436 ], [ 1.133189865153164, 7.508126499182146 ], [ 1.133232087386927, 7.508359383871542 ], [ 1.133286464527527, 7.508589744098069 ], [ 1.133352847551243, 7.508816948460384 ], [ 1.133431054526478, 7.509040374205997 ], [ 1.133520871112202, 7.509259408938207 ], [ 1.133622051145245, 7.509473452294658 ], [ 1.133734317314815, 7.509681917592921 ], [ 1.133857361922401, 7.509884233438614 ], [ 1.133990847724993, 7.510079845291596 ], [ 1.134134408859285, 7.51026821698601 ], [ 1.134287651844353, 7.510448832199952 ], [ 1.134450156660045, 7.510621195870754 ], [ 1.134621477898139, 7.510784835552029 ], [ 1.134801145983107, 7.510939302708707 ], [ 1.134988668459141, 7.511084173946559 ], [ 1.135183531339927, 7.511219052172794 ], [ 1.135385200517438, 7.511343567684592 ], [ 1.13559312322592, 7.511457379182549 ], [ 1.135806729557037, 7.51156017470627 ], [ 1.136025434022014, 7.511651672489577 ], [ 1.136248637156523, 7.511731621732888 ], [ 1.136475727163886, 7.511799803290795 ], [ 1.136706081592106, 7.511856030272812 ], [ 1.136939069040117, 7.511900148555745 ], [ 1.13717405088858, 7.511932037206229 ], [ 1.137410383050483, 7.511951608812293 ], [ 1.137647417736737, 7.511958809723016 ], [ 1.137884505231928, 7.511953620195672 ], [ 1.138120995675356, 7.511936054449882 ], [ 1.138356240842492, 7.511906160628716 ], [ 1.138589595921933, 7.511864020666745 ], [ 1.138820421283015, 7.511809750065508 ], [ 1.139048084229225, 7.511743497576933 ], [ 1.139271960732595, 7.511665444795633 ], [ 1.139491437144343, 7.511575805661129 ], [ 1.13970591187704, 7.511474825871465 ], [ 1.139914797053719, 7.511362782209702 ], [ 1.140117520119389, 7.511239981785232 ], [ 1.140313525410527, 7.511106761191962 ], [ 1.140502275678275, 7.510963485585655 ], [ 1.140683253561124, 7.51081054768298 ], [ 1.140855963003079, 7.510648366685019 ], [ 1.141019930613409, 7.510477387128165 ], [ 1.141174706964236, 7.510298077665572 ], [ 1.141319867822438, 7.510110929782505 ], [ 1.141455015312459, 7.509916456449091 ], [ 1.141579779006857, 7.509715190714186 ], [ 1.141693816941589, 7.509507684244218 ], [ 1.141796816553269, 7.509294505810958 ], [ 1.141888495535799, 7.509076239732469 ], [ 1.141968602614062, 7.508853484271397 ], [ 1.142036918232531, 7.508626849995047 ], [ 1.142093255156917, 7.508396958101777 ], [ 1.142137458987219, 7.50816443871822 ], [ 1.142169408580741, 7.507929929172034 ], [ 1.142189016383958, 7.507694072244978 ], [ 1.142196228672296, 7.507457514410978 ], [ 1.142191025697172, 7.50722090406414 ], [ 1.142173421739916, 7.506984889741471 ], [ 1.142143465072396, 7.506750118345242 ], [ 1.142101237824483, 7.506517233369833 ], [ 1.14204685575872, 7.506286873137943 ], [ 1.141980467952787, 7.506059669050963 ], [ 1.141902256390678, 7.505836243858368 ], [ 1.141812435463675, 7.505617209950799 ] ] ], [ [ [ 1.161573199639978, 7.527243026249461 ], [ 1.161354479688208, 7.52715153806904 ], [ 1.161131261633103, 7.527071598624026 ], [ 1.160904157287364, 7.527003427012824 ], [ 1.160673789114075, 7.526947210079562 ], [ 1.160440788520735, 7.526903101902062 ], [ 1.160205794128781, 7.526871223369604 ], [ 1.159969450023359, 7.52685166185169 ], [ 1.159732403988129, 7.526844470958636 ], [ 1.159495305729943, 7.526849670394705 ], [ 1.159258805098266, 7.52686724590416 ], [ 1.159023550304198, 7.52689714931038 ], [ 1.15879018614401, 7.526939298647954 ], [ 1.15855935223202, 7.526993578387364 ], [ 1.158331681247685, 7.527059839751653 ], [ 1.158107797201692, 7.527137901124219 ], [ 1.157888313725801, 7.52722754854659 ], [ 1.157673832391134, 7.52732853630486 ], [ 1.1574649410595, 7.527440587603114 ], [ 1.157262212272293, 7.527563395322076 ], [ 1.15706620168136, 7.527696622860837 ], [ 1.15687744652615, 7.527839905059373 ], [ 1.156696464161305, 7.527992849199356 ], [ 1.156523750638744, 7.528155036080468 ], [ 1.156359779348104, 7.528326021169314 ], [ 1.15620499971928, 7.528505335817731 ], [ 1.156059835990612, 7.528692488547237 ], [ 1.155924686046102, 7.528886966396004 ], [ 1.155799920324836, 7.529088236324736 ], [ 1.155685880805607, 7.529295746677582 ], [ 1.155582880069525, 7.529508928694053 ], [ 1.155491200443187, 7.529727198067842 ], [ 1.155411093224734, 7.529949956548256 ], [ 1.15534277799495, 7.530176593579844 ], [ 1.15528644201527, 7.530406487975794 ], [ 1.155242239714353, 7.530639009620456 ], [ 1.15521029226463, 7.530873521196346 ], [ 1.155190687249998, 7.531109379930884 ], [ 1.155183478425556, 7.531345939358141 ], [ 1.155188685570058, 7.531582551090652 ], [ 1.155206294431483, 7.531818566596569 ], [ 1.155236256765873, 7.532053338977167 ], [ 1.155278490469347, 7.532286224739936 ], [ 1.155332879802902, 7.5325165855623 ], [ 1.155399275709432, 7.532743790041226 ], [ 1.155477496222051, 7.532967215423834 ], [ 1.155567326962639, 7.533186249314356 ], [ 1.155668521729235, 7.533400291352671 ], [ 1.155780803170656, 7.53360875485991 ], [ 1.155903863546522, 7.533811068446529 ], [ 1.156037365570579, 7.534006677578527 ], [ 1.156180943335027, 7.534195046097461 ], [ 1.156334203313321, 7.534375657690072 ], [ 1.156496725438683, 7.534548017303587 ], [ 1.156668064255389, 7.534711652502699 ], [ 1.156847750139668, 7.534866114764599 ], [ 1.157035290586857, 7.535010980708444 ], [ 1.157230171561307, 7.535145853255944 ], [ 1.157431858905319, 7.535270362719828 ], [ 1.157639799803265, 7.535384167817276 ], [ 1.157853424296863, 7.535486956605441 ], [ 1.15807214684747, 7.535578447336605 ], [ 1.158295367941094, 7.535658389230552 ], [ 1.158522475731747, 7.53572656316203 ], [ 1.158752847718598, 7.535782782261496 ], [ 1.158985852452368, 7.535826892427398 ], [ 1.159220851266257, 7.535858772748663 ], [ 1.159457200026669, 7.535878335836194 ], [ 1.159694250898945, 7.53588552806248 ], [ 1.159931354123237, 7.535880329708652 ], [ 1.16016785979567, 7.535862755018583 ], [ 1.160403119649915, 7.535832852159925 ], [ 1.160636488834264, 7.535790703092085 ], [ 1.16086732767935, 7.535736423341621 ], [ 1.160984624994599, 7.535702285716582 ], [ 1.161008549797977, 7.535717055145478 ], [ 1.161216492228118, 7.535830858817585 ], [ 1.161430118183264, 7.535933646113631 ], [ 1.16164884212076, 7.536025135289999 ], [ 1.161872064522804, 7.536105075570731 ], [ 1.162099173539813, 7.536173247835013 ], [ 1.16232954666759, 7.536229465217871 ], [ 1.162562552453722, 7.536273573622473 ], [ 1.162797552228518, 7.536305452142579 ], [ 1.163033901855749, 7.536325013394042 ], [ 1.163270953498373, 7.536332203754383 ], [ 1.16350805739443, 7.536327003509864 ], [ 1.163744563638203, 7.536309426909554 ], [ 1.163979823961798, 7.536279522126343 ], [ 1.16421319351222, 7.536237371124924 ], [ 1.164444032619103, 7.536183089437174 ], [ 1.164671708548226, 7.536116825845482 ], [ 1.164895597236021, 7.536038761974966 ], [ 1.165115085000297, 7.535949111795626 ], [ 1.165329570222509, 7.535848121035844 ], [ 1.165538464996951, 7.535736066508812 ], [ 1.165741196742344, 7.535613255353781 ], [ 1.165937209771409, 7.535480024194127 ], [ 1.166125966814115, 7.535336738214625 ], [ 1.166306950490435, 7.53518379016043 ], [ 1.166479664728552, 7.535021599260493 ], [ 1.166643636124654, 7.534850610078379 ], [ 1.16679841524056, 7.534671291293662 ], [ 1.166943577835648, 7.534484134417173 ], [ 1.167078726029686, 7.534289652443707 ], [ 1.167203489393391, 7.534088378445808 ], [ 1.16731752596372, 7.533880864112544 ], [ 1.167420523181121, 7.533667678237242 ], [ 1.167512198746156, 7.533449405158337 ], [ 1.167592301393172, 7.533226643157634 ], [ 1.167660611578886, 7.53300000282034 ], [ 1.167716942083994, 7.53277010536138 ], [ 1.16776113852618, 7.532537580922593 ], [ 1.16779307978309, 7.532303066845448 ], [ 1.167812678324131, 7.53206720592406 ], [ 1.167819880450194, 7.531830644643241 ], [ 1.167814666440625, 7.53159403140648 ], [ 1.167797050607058, 7.531358014758631 ], [ 1.167767081253974, 7.531123241608268 ], [ 1.167724840546062, 7.530890355454504 ], [ 1.167670444282795, 7.530659994623187 ], [ 1.167604041580797, 7.530432790517281 ], [ 1.167525814464911, 7.530209365886232 ], [ 1.167435977369061, 7.529990333119071 ], [ 1.167334776548297, 7.529776292565922 ], [ 1.167222489403638, 7.529567830892531 ], [ 1.167099423721546, 7.529365519472288 ], [ 1.166965916830142, 7.52916991282021 ], [ 1.166822334674464, 7.528981547073116 ], [ 1.166669070813308, 7.5288009385202 ], [ 1.166506545340394, 7.528628582188003 ], [ 1.166335203732838, 7.528464950483681 ], [ 1.166155515630058, 7.528310491900278 ], [ 1.165967973546485, 7.528165629787535 ], [ 1.165773091521588, 7.52803076119165 ], [ 1.165571403710943, 7.527906255767109 ], [ 1.165363462922168, 7.527792454763605 ], [ 1.16514983909977, 7.52768967009084 ], [ 1.16493111776304, 7.527598183463684 ], [ 1.164707898401282, 7.527518245630164 ], [ 1.164480792830771, 7.527450075684287 ], [ 1.164250423517943, 7.52739386046562 ], [ 1.164017421873414, 7.52734975404729 ], [ 1.163782426521496, 7.527317877313772 ], [ 1.163546081549964, 7.527298317629638 ], [ 1.163309034744849, 7.527291128600191 ], [ 1.163071935815112, 7.527296329924602 ], [ 1.162835434612055, 7.527313907341953 ], [ 1.162600179348348, 7.527343812670411 ], [ 1.162366814821547, 7.527385963939312 ], [ 1.162135980646979, 7.527440245613847 ], [ 1.162018685727894, 7.527474384118602 ], [ 1.161994761261663, 7.527459614840711 ], [ 1.161786822002896, 7.527345812413003 ], [ 1.161573199639978, 7.527243026249461 ] ] ], [ [ [ 1.139894421901741, 7.550260423221775 ], [ 1.139659419516678, 7.550228530981395 ], [ 1.139423066619224, 7.550208955520626 ], [ 1.139186011017082, 7.550201750487945 ], [ 1.138948902443267, 7.550206935626315 ], [ 1.13871239077545, 7.550224496719127 ], [ 1.138477124254913, 7.55025438562923 ], [ 1.138243747709988, 7.550296520430902 ], [ 1.138012900788862, 7.550350785634422 ], [ 1.137785216206565, 7.550417032502643 ], [ 1.137561318010969, 7.550495079458658 ], [ 1.137341819872536, 7.550584712583494 ], [ 1.137127323402487, 7.550685686202407 ], [ 1.136918416504034, 7.550797723558235 ], [ 1.136715671761156, 7.550920517569907 ], [ 1.13651964486935, 7.551053731674084 ], [ 1.136330873112673, 7.551197000747578 ], [ 1.136149873891195, 7.551349932108049 ], [ 1.135977143302972, 7.55151210659023 ], [ 1.135813154784356, 7.551683079694731 ], [ 1.135658357812408, 7.551862382806283 ], [ 1.13551317667296, 7.552049524478051 ], [ 1.135378009297694, 7.552243991778564 ], [ 1.135253226173442, 7.552445251697488 ], [ 1.135139169326674, 7.552652752606457 ], [ 1.135036151385982, 7.552865925770928 ], [ 1.134944454725113, 7.553084186908913 ], [ 1.134864330688903, 7.553306937792351 ], [ 1.134795998904247, 7.553533567886675 ], [ 1.134739646677976, 7.553763456024158 ], [ 1.13469542848331, 7.553995972106359 ], [ 1.134663465536282, 7.554230478831106 ], [ 1.134643845463314, 7.554466333439181 ], [ 1.13463662206083, 7.554702889476016 ], [ 1.134641182710443, 7.554910683195344 ], [ 1.134536497004213, 7.555045623296686 ], [ 1.134401328004968, 7.55524008993498 ], [ 1.134276543295829, 7.555441349227785 ], [ 1.134162484907613, 7.555648849548451 ], [ 1.134059465473139, 7.55586202216405 ], [ 1.133967767370249, 7.55608028279411 ], [ 1.133887641947737, 7.556303033211958 ], [ 1.133819308836302, 7.556529662884319 ], [ 1.133762955346418, 7.556759550644617 ], [ 1.133718735954772, 7.556992066395456 ], [ 1.133686771880687, 7.557226572835568 ], [ 1.133667150753679, 7.557462427206526 ], [ 1.133659926373073, 7.557698983054413 ], [ 1.133665118560327, 7.557935592001647 ], [ 1.133682713104493, 7.558171605524062 ], [ 1.133712661800938, 7.55840637672842 ], [ 1.13375488258324, 7.55863926212549 ], [ 1.133809259747907, 7.558869623393735 ], [ 1.133875644271275, 7.55909682912894 ], [ 1.133953854217751, 7.559320256574811 ], [ 1.134043675238271, 7.559539293329946 ], [ 1.134144861157611, 7.559753339026393 ], [ 1.134257134648926, 7.559961806975259 ], [ 1.134380187993719, 7.56016412577484 ], [ 1.134513683925093, 7.560359740876838 ], [ 1.13465725655203, 7.56054811610643 ], [ 1.134810512362142, 7.560728735131954 ], [ 1.134973031300148, 7.560901102880234 ], [ 1.135144367919126, 7.561064746893639 ], [ 1.135324052601382, 7.561219218625157 ], [ 1.135511592845597, 7.561364094667958 ], [ 1.135706474616719, 7.561498977916008 ], [ 1.135908163754897, 7.561623498652669 ], [ 1.136116107439604, 7.561737315564154 ], [ 1.136329735704933, 7.561840116675179 ], [ 1.136548463001903, 7.561931620204192 ], [ 1.136771689803508, 7.562011575335826 ], [ 1.136998804248094, 7.562079762908484 ], [ 1.137229183816566, 7.56213599601516 ], [ 1.137462197038829, 7.562180120515849 ], [ 1.137697205224769, 7.562212015460114 ], [ 1.137933564215051, 7.562231593418714 ], [ 1.138170626146914, 7.562238800723317 ], [ 1.138407741230127, 7.56223361761366 ], [ 1.138644259528237, 7.562216058291789 ], [ 1.138879532740229, 7.562186170883165 ], [ 1.139112915977698, 7.562144037304802 ], [ 1.139343769532669, 7.562089773040778 ], [ 1.139571460631228, 7.562023526825674 ], [ 1.13979536516813, 7.561945480236942 ], [ 1.140014869417644, 7.561855847197182 ], [ 1.140229371715941, 7.561754873387774 ], [ 1.140438284110413, 7.561642835575436 ], [ 1.140641033971387, 7.561520040853588 ], [ 1.140837065561836, 7.56138682580057 ], [ 1.140920262655645, 7.561323683964313 ], [ 1.141071223627529, 7.561304506070925 ], [ 1.141304606443968, 7.561262371150296 ], [ 1.141535459512635, 7.561208105542634 ], [ 1.141763150060951, 7.561141857986214 ], [ 1.141987053985184, 7.561063810062169 ], [ 1.142206557561287, 7.560974175696756 ], [ 1.142421059127286, 7.560873200574997 ], [ 1.142629970732582, 7.560761161467211 ], [ 1.142832719749675, 7.56063836547037 ], [ 1.143028750443855, 7.560505149166313 ], [ 1.143217525496593, 7.560361877699095 ], [ 1.143398527478412, 7.560208943774116 ], [ 1.143552073834076, 7.560064780554335 ], [ 1.143636886637316, 7.56020421925373 ], [ 1.143770387441094, 7.560399832539461 ], [ 1.143913964839514, 7.560588205701322 ], [ 1.144067225307085, 7.560768822413307 ], [ 1.144229748775734, 7.560941187608578 ], [ 1.144401089786097, 7.5611048288365 ], [ 1.144580778708418, 7.561259297557697 ], [ 1.14476832302973, 7.561404170373593 ], [ 1.144963208703782, 7.561539050187009 ], [ 1.145164901560001, 7.561663567290728 ], [ 1.145372848767646, 7.561777380380925 ], [ 1.145586480351132, 7.561880177492815 ], [ 1.145805210752365, 7.561971676855809 ], [ 1.14589856073412, 7.562005110627534 ], [ 1.146023003058998, 7.562112086030981 ], [ 1.146210548312076, 7.562256958427175 ], [ 1.14640543490982, 7.56239183779238 ], [ 1.146607128679123, 7.562516354420601 ], [ 1.146815076786736, 7.562630167009326 ], [ 1.147028709254602, 7.562732963595135 ], [ 1.147247440522199, 7.562824462408893 ], [ 1.147470671051612, 7.562904412648174 ], [ 1.147697788970951, 7.562972595164818 ], [ 1.147928171751577, 7.563028823065703 ], [ 1.148161187914575, 7.563072942225106 ], [ 1.148396198761757, 7.563104831707271 ], [ 1.148632560126485, 7.56312440409795 ], [ 1.148869624139479, 7.563131605744094 ], [ 1.149106741004803, 7.563126416900986 ], [ 1.149343260781117, 7.563108851786407 ], [ 1.149578535163355, 7.563078958541735 ], [ 1.149811919259908, 7.563036819100007 ], [ 1.150042773360457, 7.56298254896139 ], [ 1.150270464689601, 7.562916296876602 ], [ 1.150494369141478, 7.562838244439208 ], [ 1.150713872990606, 7.562748605587857 ], [ 1.150928374574271, 7.562647626019883 ], [ 1.151137285941846, 7.562535582517806 ], [ 1.151340034466495, 7.562412782190663 ], [ 1.151393037678406, 7.56237676160382 ], [ 1.151413168276647, 7.562487774498101 ], [ 1.151467555333846, 7.562718135919685 ], [ 1.151533949853664, 7.562945341316873 ], [ 1.151612169873092, 7.563168767934264 ], [ 1.151702001015434, 7.563387803372677 ], [ 1.151803197077696, 7.563601847267735 ], [ 1.151915480705205, 7.56381031293545 ], [ 1.152038544151643, 7.564012628980335 ], [ 1.152172050122389, 7.56420824086162 ], [ 1.152315632698869, 7.564396612413286 ], [ 1.152468898341376, 7.564577227313737 ], [ 1.152631426967635, 7.564749590501084 ], [ 1.152802773104121, 7.564913229530196 ], [ 1.152982467107005, 7.565067695867715 ], [ 1.153170016449371, 7.565212566121594 ], [ 1.15336490707118, 7.565347443201685 ], [ 1.153566604788272, 7.565471957408256 ], [ 1.153774556756559, 7.565585767445438 ], [ 1.153988192987381, 7.565688561356813 ], [ 1.154206927909881, 7.565780057380587 ], [ 1.154430161976107, 7.565860004721992 ], [ 1.154657283304456, 7.565928184240816 ], [ 1.154887669356929, 7.565984409052168 ], [ 1.155120688645626, 7.566028525038821 ], [ 1.155355702463778, 7.566060411273712 ], [ 1.155592066636588, 7.566079980351521 ], [ 1.155829133287072, 7.566087178628299 ], [ 1.156066252612052, 7.56608198636858 ], [ 1.156302774663439, 7.566064417799533 ], [ 1.156538051129928, 7.566034521072015 ], [ 1.156771437114192, 7.565992378128633 ], [ 1.157002292900737, 7.56593810447917 ], [ 1.157229985709544, 7.565871848883988 ], [ 1.157453891430696, 7.565793792946288 ], [ 1.157673396335238, 7.565704150614333 ], [ 1.157887898757572, 7.56560316759501 ], [ 1.15809681074478, 7.565491120680319 ], [ 1.15829955966834, 7.565368316988661 ], [ 1.158495589793832, 7.565235093122979 ], [ 1.158684363804318, 7.565091814248094 ], [ 1.158865364273219, 7.564938873089711 ], [ 1.159038095082657, 7.56477668885792 ], [ 1.159202082783372, 7.564605706098048 ], [ 1.159356877892477, 7.564426393472103 ], [ 1.159502056125505, 7.564239242474081 ], [ 1.159637219559361, 7.564044766082707 ], [ 1.159761997722999, 7.563843497355263 ], [ 1.1597962253511, 7.563781222078306 ], [ 1.159810946248887, 7.563978534244969 ], [ 1.159840909151093, 7.564213307118532 ], [ 1.159883144375535, 7.564446193461797 ], [ 1.159937536179119, 7.564676554950571 ], [ 1.160003935498043, 7.564903760179968 ], [ 1.160082160356137, 7.565127186395019 ], [ 1.160171996363433, 7.56534622119763 ], [ 1.160273197303588, 7.565560264225147 ], [ 1.160385485808546, 7.565768728795946 ], [ 1.160508554118604, 7.565971043517527 ], [ 1.160642064925792, 7.566166653852738 ], [ 1.160785652298258, 7.566355023639788 ], [ 1.160938922683132, 7.566535636561905 ], [ 1.161101455985117, 7.56670799756262 ], [ 1.16127280671785, 7.566871634202785 ], [ 1.161452505224879, 7.567026097955591 ], [ 1.16164005896692, 7.567170965436086 ], [ 1.161834953871851, 7.56730583956171 ], [ 1.162036655743747, 7.567430350640849 ], [ 1.162244611727109, 7.567544157386208 ], [ 1.162458251822251, 7.567646947850399 ], [ 1.162676990447701, 7.567738440281088 ], [ 1.162900228045338, 7.567818383893377 ], [ 1.16312735272386, 7.567886559557286 ], [ 1.163357741936067, 7.567942780398513 ], [ 1.163590764185385, 7.56798689231072 ], [ 1.163825780756914, 7.568018774378043 ], [ 1.164062147468299, 7.568038339206603 ], [ 1.16429921643559, 7.56804553316412 ], [ 1.164536337849251, 7.568040336526987 ], [ 1.164772861755465, 7.568022763534397 ], [ 1.165008139837838, 7.567992862349352 ], [ 1.165241527194617, 7.567950714926703 ], [ 1.165472384106547, 7.56789643678853 ], [ 1.165700077790531, 7.567830176707522 ], [ 1.16592398413426, 7.567752116299195 ], [ 1.166143489407084, 7.567662469524087 ], [ 1.166357991942408, 7.567561482101278 ], [ 1.166566903787017, 7.567449430834854 ], [ 1.166769652312797, 7.567326622855164 ], [ 1.166965681786437, 7.567193394776911 ], [ 1.167154454892804, 7.567050111776473 ], [ 1.167335454207818, 7.566897166590882 ], [ 1.167508183616788, 7.566734978441262 ], [ 1.167672169674313, 7.566563991883688 ], [ 1.167826962902035, 7.566384675590572 ], [ 1.167972139020666, 7.566197521065967 ], [ 1.168107300112932, 7.566003041298258 ], [ 1.168232075714227, 7.565801769353983 ], [ 1.16834612382801, 7.565594256916615 ], [ 1.168449131863136, 7.565381072774315 ], [ 1.168540817490572, 7.565162801260807 ], [ 1.168620929417149, 7.564940040653629 ], [ 1.168689248074217, 7.564713401534193 ], [ 1.168745586219327, 7.564483505114111 ], [ 1.168789789449301, 7.564250981532383 ], [ 1.16882173662326, 7.564016468128147 ], [ 1.168841340194483, 7.563780607693682 ], [ 1.168848546450156, 7.563544046712471 ], [ 1.168843335658393, 7.563307433587178 ], [ 1.168825722122098, 7.563071416862349 ], [ 1.168795754139538, 7.562836643446762 ], [ 1.168753513871734, 7.56260375684024 ], [ 1.16869911711703, 7.562373395369853 ], [ 1.168632712993476, 7.562146190440299 ], [ 1.168554483529883, 7.561922764803259 ], [ 1.168464643166679, 7.561703730850488 ], [ 1.168363438167929, 7.561489688935335 ], [ 1.168251145946156, 7.561281225727233 ], [ 1.168128074301786, 7.56107891260375 ], [ 1.167994560579319, 7.560883304084533 ], [ 1.167850970742551, 7.56069493631148 ], [ 1.167697698371347, 7.560514325579292 ], [ 1.167535163582769, 7.560341966920445 ], [ 1.167363811879469, 7.560178332748428 ], [ 1.167184112928529, 7.560023871563006 ], [ 1.166996559274099, 7.559879006721015 ], [ 1.166801664987341, 7.559744135276094 ], [ 1.166599964257405, 7.559619626890494 ], [ 1.166392009927281, 7.559505822821995 ], [ 1.166178371978542, 7.559403034988653 ], [ 1.165959635969142, 7.559311545113983 ], [ 1.16573640142854, 7.559231603954887 ], [ 1.165509280214545, 7.55916343061445 ], [ 1.165278894836399, 7.559107211941531 ], [ 1.16504587674867, 7.559063102018708 ], [ 1.164810864620661, 7.559031221740042 ], [ 1.164574502586043, 7.559011658479823 ], [ 1.164337438477526, 7.559004465853149 ], [ 1.164100322051416, 7.559009663569039 ], [ 1.163863803206883, 7.559027237376488 ], [ 1.163628530204863, 7.559057139103559 ], [ 1.163395147891448, 7.559099286789468 ], [ 1.163164295930637, 7.559153564909246 ], [ 1.162936607051283, 7.559219824690412 ], [ 1.162712705313052, 7.559297884520729 ], [ 1.162493204396138, 7.559387530446 ], [ 1.162278705919408, 7.559488516756448 ], [ 1.162069797791615, 7.559600566660172 ], [ 1.161867052600146, 7.559723373041766 ], [ 1.161671026041784, 7.559856599304017 ], [ 1.16148225539972, 7.559999880290461 ], [ 1.161301258071035, 7.560152823286127 ], [ 1.161128530148658, 7.56031500909388 ], [ 1.160964545061701, 7.560485993183304 ], [ 1.16080975227789, 7.560665306909031 ], [ 1.160664576071647, 7.560852458795135 ], [ 1.16052941436121, 7.561046935882143 ], [ 1.160404637617953, 7.561248205132882 ], [ 1.160370410353248, 7.561310480533558 ], [ 1.160355688993821, 7.561113168323526 ], [ 1.160325725613239, 7.560878395438291 ], [ 1.160283490025374, 7.5606455091283 ], [ 1.160229098015745, 7.560415147719843 ], [ 1.160162698689403, 7.560187942617454 ], [ 1.160084474062016, 7.559964516573317 ], [ 1.159994638560766, 7.55974548198032 ], [ 1.159893438436406, 7.559531439193587 ], [ 1.159781151088113, 7.559322974884955 ], [ 1.15965808430297, 7.559120660435027 ], [ 1.159524575412179, 7.558925050367093 ], [ 1.159380990366307, 7.558736680827306 ], [ 1.159227722732112, 7.558556068115227 ], [ 1.159065192613696, 7.558383707268755 ], [ 1.158893845500928, 7.558220070707386 ], [ 1.158714151048336, 7.558065606937433 ], [ 1.158526601787761, 7.557920739322814 ], [ 1.158331711778348, 7.557785864924763 ], [ 1.158130015197547, 7.557661353413629 ], [ 1.157922064876996, 7.55754754605574 ], [ 1.157708430787302, 7.55744475477817 ], [ 1.157489698475865, 7.557353261313851 ], [ 1.157266467462026, 7.557273316429511 ], [ 1.157039349593949, 7.557205139238439 ], [ 1.156808967371719, 7.557148916600021 ], [ 1.156575952241272, 7.557104802607688 ], [ 1.15634094286382, 7.557072918166637 ], [ 1.156104583365504, 7.557053350662545 ], [ 1.155867521572096, 7.557046153722115 ], [ 1.155630407233556, 7.557051347066175 ], [ 1.155393890243343, 7.557068916455675 ], [ 1.155158618857309, 7.55709881373077 ], [ 1.154925237917119, 7.557140956942846 ], [ 1.154694387083003, 7.557195230579183 ], [ 1.154466699080721, 7.557261485879562 ], [ 1.154242797967528, 7.557339541244012 ], [ 1.154023297421893, 7.557429182730545 ], [ 1.153808799061657, 7.557530164641545 ], [ 1.153599890795233, 7.557642210197155 ], [ 1.153397145210378, 7.557765012293856 ], [ 1.153344142761583, 7.557801033307887 ], [ 1.153324011574233, 7.557690020413393 ], [ 1.153269623457785, 7.557459659087355 ], [ 1.15320322810727, 7.557232453883723 ], [ 1.153125007527463, 7.557009027554965 ], [ 1.153035176134457, 7.55678999249478 ], [ 1.152933980167749, 7.556575949059572 ], [ 1.152821697015133, 7.556367483922987 ], [ 1.152698634452201, 7.556165168467897 ], [ 1.152565129798596, 7.55596955722037 ], [ 1.152421548993287, 7.555781186329797 ], [ 1.152268285591425, 7.555600572099451 ], [ 1.152105759685526, 7.555428209571402 ], [ 1.151934416753935, 7.555264571169755 ], [ 1.151754726439737, 7.555110105405875 ], [ 1.151567181263452, 7.554965235649147 ], [ 1.151372295273047, 7.554830358966674 ], [ 1.15117060263498, 7.554705845035058 ], [ 1.150962656170103, 7.554592035127266 ], [ 1.150749025838474, 7.554489241177348 ], [ 1.150530297177214, 7.554397744925557 ], [ 1.150436948090355, 7.554364312444302 ], [ 1.150312506127247, 7.554257338539201 ], [ 1.150124961881651, 7.55411246836274 ], [ 1.149930076813837, 7.553977591232126 ], [ 1.149728385087735, 7.553853076825186 ], [ 1.149520439521704, 7.553739266416196 ], [ 1.149306810073343, 7.55363647194057 ], [ 1.149088082277353, 7.553544975140004 ], [ 1.148864855640726, 7.553465026790352 ], [ 1.14863774199965, 7.553396846014391 ], [ 1.148407363842645, 7.55334061968132 ], [ 1.148174352604526, 7.553296501894672 ], [ 1.147939346935853, 7.553264613570029 ], [ 1.147702990952619, 7.553245042103692 ], [ 1.147465932470975, 7.553237841133202 ], [ 1.147228821231817, 7.553243030390409 ], [ 1.146992307120116, 7.553260595647449 ], [ 1.146757038383844, 7.553290488755771 ], [ 1.14658119060162, 7.55332223999164 ], [ 1.146542928361118, 7.553228941283222 ], [ 1.146441736362297, 7.553014897285101 ], [ 1.146329457236243, 7.552806431423397 ], [ 1.146206398747524, 7.552604115082978 ], [ 1.146072898204624, 7.552408502792355 ], [ 1.145929321535258, 7.552220130703784 ], [ 1.145776062283256, 7.552039515123831 ], [ 1.145613540529776, 7.551867151098278 ], [ 1.145442201741798, 7.551703511055337 ], [ 1.145262515551067, 7.551549043510875 ], [ 1.145074974466821, 7.551404171839162 ], [ 1.144880092525831, 7.551269293112545 ], [ 1.144678403883475, 7.551144777013235 ], [ 1.144470461349673, 7.551030964820131 ], [ 1.14425683487373, 7.550928168473541 ], [ 1.144038109982217, 7.550836669720284 ], [ 1.143814886174177, 7.550756719341559 ], [ 1.143587775278061, 7.550688536465693 ], [ 1.14335739977488, 7.550632307967631 ], [ 1.143124391092186, 7.550588187956834 ], [ 1.14288938787355, 7.550556297354965 ], [ 1.142653034228258, 7.550536723564556 ], [ 1.142415977966063, 7.550529520229507 ], [ 1.142178868821788, 7.550534707088135 ], [ 1.141942356674666, 7.550552269919133 ], [ 1.141707089767293, 7.550582160580587 ], [ 1.141473712929064, 7.550624297141982 ], [ 1.141242865808968, 7.550678564108791 ], [ 1.141209466130106, 7.550688282307778 ], [ 1.141026860317034, 7.550600411300234 ], [ 1.140808136649107, 7.550508911132757 ], [ 1.140584913992531, 7.550428959286666 ], [ 1.140357804172608, 7.550360774894301 ], [ 1.140127429667404, 7.550304544834762 ], [ 1.139894421901741, 7.550260423221775 ] ] ], [ [ [ 1.162419832540801, 7.593842907076465 ], [ 1.162329992846223, 7.593623871317775 ], [ 1.162228787558157, 7.593409827211937 ], [ 1.162116494089989, 7.593201361434376 ], [ 1.161993420245623, 7.592999045369671 ], [ 1.161859903375648, 7.592803433545499 ], [ 1.161716309452531, 7.59261506211278 ], [ 1.161563032067382, 7.59243444737622 ], [ 1.161400491351036, 7.592262084379224 ], [ 1.161229132822415, 7.592098445547137 ], [ 1.161049426167324, 7.591943979392448 ], [ 1.160861863951031, 7.591799109285568 ], [ 1.160666960268164, 7.591664232294528 ], [ 1.160465249333612, 7.591539718096727 ], [ 1.160257284018309, 7.591425907965839 ], [ 1.160043634333908, 7.591323113836493 ], [ 1.159824885870487, 7.591231617449411 ], [ 1.159601638191593, 7.5911516695793 ], [ 1.159374503190989, 7.591083489347613 ], [ 1.15914410341564, 7.591027263622053 ], [ 1.158911070359509, 7.590983146504488 ], [ 1.158676042732849, 7.590951258908683 ], [ 1.158439664711732, 7.590931688228944 ], [ 1.158202584172604, 7.590924488100689 ], [ 1.157965450916716, 7.59092967825348 ], [ 1.157728914889281, 7.590947244457021 ], [ 1.157493624398243, 7.590977138560212 ], [ 1.157260224337541, 7.591019278623158 ], [ 1.157029354419727, 7.591073549141784 ], [ 1.156801647422789, 7.591139801364446 ], [ 1.156577727455968, 7.591217853699638 ], [ 1.15635820824934, 7.591307492213711 ], [ 1.156143691471833, 7.591408471217224 ], [ 1.155934765082284, 7.59152051393833 ], [ 1.155732001718078, 7.591643313281332 ], [ 1.155535957125748, 7.591776532668339 ], [ 1.155347168637868, 7.591919806961763 ], [ 1.155166153700391, 7.592072743465019 ], [ 1.154993408454481, 7.592234922998803 ], [ 1.154829406376708, 7.592405901049937 ], [ 1.154674596981357, 7.592585208989647 ], [ 1.154529404588375, 7.592772355357912 ], [ 1.154394227160371, 7.592966827210421 ], [ 1.154269435211817, 7.593168091524404 ], [ 1.154155370793465, 7.59337559665947 ], [ 1.154052346554766, 7.593588773869509 ], [ 1.153960644886838, 7.593807038861456 ], [ 1.153880517148357, 7.59402979339669 ], [ 1.153812182976486, 7.594256426930634 ], [ 1.153755829684721, 7.594486318286112 ], [ 1.153711611749326, 7.594718837355845 ], [ 1.153679650385748, 7.594953346829444 ], [ 1.153660033216189, 7.595189203940128 ], [ 1.153652814029237, 7.59542576222642 ], [ 1.153658012632225, 7.595662373304007 ], [ 1.15367561479672, 7.595898388642828 ], [ 1.153705572297298, 7.596133161344604 ], [ 1.153747803043494, 7.596366047915933 ], [ 1.153802191304582, 7.596596410032002 ], [ 1.153868588026555, 7.59682361628619 ], [ 1.153946811240443, 7.597047043920713 ], [ 1.154036646560864, 7.597266080533575 ], [ 1.154137847773436, 7.597480125757142 ], [ 1.154250137509422, 7.59768859290375 ], [ 1.154373208005811, 7.597890910573813 ], [ 1.154506721948694, 7.598086524222063 ], [ 1.154650313397674, 7.598274897677599 ], [ 1.154803588788748, 7.598455514613556 ], [ 1.154864451812505, 7.598520057061985 ], [ 1.154862889954787, 7.598521866046213 ], [ 1.154717695012515, 7.598709011969346 ], [ 1.154582515152683, 7.598903483404286 ], [ 1.154457720896435, 7.599104747329414 ], [ 1.154343654300858, 7.599312252105409 ], [ 1.154240628021378, 7.599525428987154 ], [ 1.154148924454717, 7.59974369368249 ], [ 1.154068794964768, 7.599966447953616 ], [ 1.154000459193507, 7.600193081256675 ], [ 1.153944104458827, 7.600422972415138 ], [ 1.153899885240962, 7.600655491322266 ], [ 1.153867922758891, 7.600890000668118 ], [ 1.153848304637895, 7.601125857686259 ], [ 1.153841084669189, 7.601362415915474 ], [ 1.153846282662262, 7.601599026971606 ], [ 1.153863884390372, 7.601835042324644 ], [ 1.153893841629304, 7.602069815076283 ], [ 1.153936072289329, 7.602302701732968 ], [ 1.153990460639972, 7.602533063969653 ], [ 1.154056857626993, 7.60276027037938 ], [ 1.154135081280711, 7.602983698203943 ], [ 1.154224917214551, 7.603202735040811 ], [ 1.154326119212458, 7.603416780521736 ], [ 1.154438409903557, 7.603625247958337 ], [ 1.154561481522224, 7.603827565950231 ], [ 1.154694996751484, 7.604023179951258 ], [ 1.154838589647418, 7.604211553789541 ], [ 1.154991866642062, 7.60439217113716 ], [ 1.155154407622036, 7.604564536925471 ], [ 1.155325767079955, 7.604728178702156 ], [ 1.155505475335465, 7.604882647926277 ], [ 1.155693039822564, 7.605027521197824 ], [ 1.155887946439667, 7.605162401418323 ], [ 1.15608966095873, 7.605286918879395 ], [ 1.156297630489555, 7.605400732276203 ], [ 1.156511284995282, 7.605503529643078 ], [ 1.15673003885489, 7.605595029208721 ], [ 1.156953292468443, 7.60567498016862 ], [ 1.157180433900667, 7.605743163372618 ], [ 1.157410840558369, 7.605799391925705 ], [ 1.157643880897067, 7.605843511700367 ], [ 1.157878916152195, 7.605875401759158 ], [ 1.15811530209009, 7.605894974686267 ], [ 1.158352390774001, 7.605902176827187 ], [ 1.158589532340249, 7.605896988435867 ], [ 1.158826076779674, 7.60587942372888 ], [ 1.159061375719499, 7.605849530846517 ], [ 1.159294784200694, 7.605807391720866 ], [ 1.159525662446003, 7.605753121851261 ], [ 1.159753377613751, 7.605686869987747 ], [ 1.15997730553265, 7.605608817723319 ], [ 1.16019683241282, 7.605519178996217 ], [ 1.160411356528354, 7.605418199503489 ], [ 1.160620289866809, 7.60530615602751 ], [ 1.160823059741087, 7.605183355677303 ], [ 1.161019110359299, 7.605050135046707 ], [ 1.161207904348299, 7.604906859291724 ], [ 1.161388924226727, 7.604753921129562 ], [ 1.161561673823495, 7.604591739762155 ], [ 1.161725679637846, 7.604420759727025 ], [ 1.161880492137255, 7.604241449678768 ], [ 1.162025686989612, 7.604054301104362 ], [ 1.162160866226303, 7.603859826975941 ], [ 1.162285659333012, 7.603658560344637 ], [ 1.162399724265246, 7.603451052879411 ], [ 1.162502748385804, 7.603237873354853 ], [ 1.162594449321615, 7.603019606092072 ], [ 1.162674575737614, 7.602796849357008 ], [ 1.162742908025502, 7.602570213720499 ], [ 1.162799258905548, 7.60234032038465 ], [ 1.162843473939756, 7.60210779948005 ], [ 1.162875431954979, 7.601873288338534 ], [ 1.162895045374877, 7.601637429746201 ], [ 1.162902260459743, 7.60140087018151 ], [ 1.162897057453592, 7.601164258043266 ], [ 1.162879450638096, 7.60092824187332 ], [ 1.162849488293205, 7.600693468578934 ], [ 1.16280725256459, 7.600460581659608 ], [ 1.16275285923826, 7.600230219443271 ], [ 1.16268645742297, 7.600003013336647 ], [ 1.162608229141298, 7.599779586094632 ], [ 1.162518388830525, 7.599560550113369 ], [ 1.162417182754661, 7.599346505751731 ], [ 1.162304888329262, 7.599138039685841 ], [ 1.162181813360861, 7.598935723301059 ], [ 1.162048295203137, 7.598740111125937 ], [ 1.161904699832093, 7.598551739312351 ], [ 1.161751420842809, 7.598371124166036 ], [ 1.161690556572851, 7.598306582441722 ], [ 1.161692118406895, 7.59830477342585 ], [ 1.16183731071105, 7.598117624408133 ], [ 1.161972487517397, 7.597923149863893 ], [ 1.162097278318275, 7.597721882845388 ], [ 1.162211341075504, 7.597514375022642 ], [ 1.162314363157836, 7.59730119517121 ], [ 1.162406062197775, 7.597082927613096 ], [ 1.16248618686544, 7.59686017061504 ], [ 1.162554517557312, 7.596633534748602 ], [ 1.162610866998023, 7.59640364121651 ], [ 1.162655080753502, 7.596171120149893 ], [ 1.162687037654097, 7.595936608881015 ], [ 1.162706650126505, 7.59570075019633 ], [ 1.162713864433599, 7.595464190574557 ], [ 1.162708660821511, 7.595227578414651 ], [ 1.162691053573557, 7.594991562258516 ], [ 1.162661090970854, 7.594756789013388 ], [ 1.162618855159768, 7.594523902178635 ], [ 1.162564461926517, 7.594293540081946 ], [ 1.162498060379584, 7.59406633412973 ], [ 1.162419832540801, 7.593842907076465 ] ] ], [ [ [ 1.15883353365406, 7.612522286622022 ], [ 1.15873232811739, 7.612308241230926 ], [ 1.158620033832968, 7.612099773947083 ], [ 1.158496958606974, 7.611897456159185 ], [ 1.158363439793815, 7.611701842399623 ], [ 1.158219843371314, 7.611513468824587 ], [ 1.158066562937455, 7.611332851744642 ], [ 1.157904018631447, 7.611160486209596 ], [ 1.157732655982064, 7.610996844651721 ], [ 1.157552944686414, 7.610842375590951 ], [ 1.157365377322489, 7.610697502405642 ], [ 1.157170467999019, 7.61056262217223 ], [ 1.156968750946346, 7.610438104576984 ], [ 1.156760779052161, 7.610324290902847 ], [ 1.156547122346127, 7.610221493094148 ], [ 1.156328366437545, 7.610129992901665 ], [ 1.15610511091034, 7.610050041110509 ], [ 1.155877967679751, 7.609981856852856 ], [ 1.155647559315265, 7.609925627007425 ], [ 1.155414517334343, 7.609881505687357 ], [ 1.155179480471658, 7.609849613817916 ], [ 1.154943092928548, 7.609830038805109 ], [ 1.15470600260751, 7.609822834296209 ], [ 1.154468859336556, 7.609828020032784 ], [ 1.154232313088294, 7.609845581796626 ], [ 1.153997012198631, 7.609875471448808 ], [ 1.153763601589957, 7.609917607061623 ], [ 1.153532721003681, 7.609971873143196 ], [ 1.153305003246982, 7.610038120954052 ], [ 1.153081072458544, 7.610116168914776 ], [ 1.152861542398057, 7.610205803103719 ], [ 1.152647014764154, 7.610306777843312 ], [ 1.152438077545388, 7.610418816373401 ], [ 1.15223530340879, 7.610541611609795 ], [ 1.152039248130385, 7.610674826985877 ], [ 1.15185044907201, 7.610818097375072 ], [ 1.151669423708567, 7.610971030091515 ], [ 1.151496668209776, 7.611133205966309 ], [ 1.151332656080301, 7.611304180496326 ], [ 1.151177836861964, 7.611483485062471 ], [ 1.15103263490164, 7.611670628213994 ], [ 1.15089744818816, 7.611865097015428 ], [ 1.150772647261459, 7.61206635845239 ], [ 1.150658574196911, 7.61227386089241 ], [ 1.150555541667683, 7.612487035596779 ], [ 1.150463832087645, 7.612705298279336 ], [ 1.150383696837186, 7.612928050707805 ], [ 1.150315355574093, 7.613154682343411 ], [ 1.150258995631336, 7.613384572014206 ], [ 1.150214771503452, 7.613617089617547 ], [ 1.150182804422904, 7.61385159784708 ], [ 1.150163182027613, 7.614087453939445 ], [ 1.150155958120539, 7.614324011435979 ], [ 1.150161152522004, 7.614560621954538 ], [ 1.150178751015144, 7.614796636966604 ], [ 1.150208705384649, 7.615031409574807 ], [ 1.150250933548692, 7.615264296285988 ], [ 1.150305319783675, 7.615494658774957 ], [ 1.150371715041194, 7.615721865634076 ], [ 1.150449937356345, 7.615945294103891 ], [ 1.150539772346255, 7.616164331780112 ], [ 1.150640973797492, 7.616378378292174 ], [ 1.150753264340706, 7.61658684694887 ], [ 1.150876336210709, 7.61678916634646 ], [ 1.151009852089863, 7.616984781934923 ], [ 1.151092990310453, 7.617093847924632 ], [ 1.151094456352596, 7.617160625251234 ], [ 1.151112055128756, 7.617396640346842 ], [ 1.151142009861408, 7.617631413029334 ], [ 1.151184238467734, 7.617864299805355 ], [ 1.151238625222933, 7.618094662349525 ], [ 1.151305021077178, 7.618321869254051 ], [ 1.151383244063934, 7.618545297759351 ], [ 1.151473079798492, 7.618764335461031 ], [ 1.151574282065381, 7.618978381988464 ], [ 1.151686573493021, 7.619186850650383 ], [ 1.151809646313799, 7.619389170043037 ], [ 1.151943163207472, 7.619584785616417 ], [ 1.152086758225583, 7.619773161194314 ], [ 1.15224003779437, 7.619953780444023 ], [ 1.152402581793412, 7.620126148291666 ], [ 1.152573944707058, 7.620289792279262 ], [ 1.152753656845491, 7.620444263859794 ], [ 1.152941225632066, 7.620589139626765 ], [ 1.153136136953411, 7.620724022474849 ], [ 1.153337856568579, 7.620848542688436 ], [ 1.153545831573394, 7.62096235895513 ], [ 1.153759491915975, 7.621065159301368 ], [ 1.15397825195928, 7.62115666194766 ], [ 1.154201512086402, 7.62123661608104 ], [ 1.154428660344186, 7.621304802542633 ], [ 1.154659074120698, 7.621361034428475 ], [ 1.154892121851911, 7.62140515760191 ], [ 1.155127164752956, 7.621437051116155 ], [ 1.155363558569178, 7.621456627545918 ], [ 1.15560065534219, 7.62146383322708 ], [ 1.155837805186098, 7.621458648403879 ], [ 1.156074358069011, 7.621441087283103 ], [ 1.156309665594965, 7.621411197995204 ], [ 1.156543082781354, 7.621369062462417 ], [ 1.156773969827017, 7.621314796174235 ], [ 1.157001693866118, 7.621248547870879 ], [ 1.157225630703009, 7.621170499135602 ], [ 1.157445166523332, 7.621080863896971 ], [ 1.157659699576639, 7.620979887842478 ], [ 1.157868641825954, 7.620867847745089 ], [ 1.158071420559725, 7.620745050704586 ], [ 1.158267479961754, 7.620611833305745 ], [ 1.158456282634796, 7.620468560695723 ], [ 1.15863731107367, 7.620315625583133 ], [ 1.158810069083808, 7.620153447161562 ], [ 1.158974083141383, 7.619982469960484 ], [ 1.15912890369127, 7.619803162626743 ], [ 1.15927410637929, 7.619616016639903 ], [ 1.159409293215358, 7.619421544965026 ], [ 1.159534093664334, 7.619220280646538 ], [ 1.159648165661613, 7.619012775347088 ], [ 1.159751196550647, 7.618799597835346 ], [ 1.159842903939831, 7.618581332426928 ], [ 1.159923036476437, 7.618358577382704 ], [ 1.159991374535419, 7.618131943268902 ], [ 1.160047730821259, 7.617902051283478 ], [ 1.160091950881176, 7.617669531553323 ], [ 1.160123913528288, 7.617435021407072 ], [ 1.160143531173596, 7.617199163628107 ], [ 1.160150750065855, 7.61696260469268 ], [ 1.160145550438686, 7.616725992997863 ], [ 1.16012794656454, 7.616489977084308 ], [ 1.16009798671535, 7.616255203858579 ], [ 1.16005575302999, 7.616022316819988 ], [ 1.160001361288913, 7.615791954296782 ], [ 1.159934960596567, 7.615564747696535 ], [ 1.159856732972497, 7.615341319775487 ], [ 1.159766892852218, 7.615122282931635 ], [ 1.159665686499253, 7.614908237526208 ], [ 1.15955339132995, 7.614699770238182 ], [ 1.159430315152915, 7.614497452456249 ], [ 1.159296795325164, 7.614301838712776 ], [ 1.15921365501759, 7.614192773917096 ], [ 1.159212187610026, 7.614125996310356 ], [ 1.159194584020541, 7.613889980479608 ], [ 1.159164624536039, 7.613655207327367 ], [ 1.159122391294389, 7.613422320352738 ], [ 1.159068000074819, 7.613191957883808 ], [ 1.159001599980348, 7.612964751328001 ], [ 1.158923373028871, 7.612741323441438 ], [ 1.15883353365406, 7.612522286622022 ] ] ], [ [ [ 1.152232576173713, 7.677722512447075 ], [ 1.152131366719187, 7.677508463236006 ], [ 1.152019066585088, 7.677299991524028 ], [ 1.151895983593741, 7.677097668711911 ], [ 1.151762455120941, 7.676902049345741 ], [ 1.151618847171068, 7.676713669597018 ], [ 1.15146555337377, 7.676533045793136 ], [ 1.151302993904935, 7.676360673002253 ], [ 1.151131614334926, 7.676197023676445 ], [ 1.150951884407241, 7.676042546356856 ], [ 1.150764296750934, 7.675897664444383 ], [ 1.15056936553033, 7.675762775039297 ], [ 1.150367625035745, 7.675638247852915 ], [ 1.150159628219058, 7.675524424194399 ], [ 1.149945945178166, 7.675421616035346 ], [ 1.149727161594453, 7.675330105154827 ], [ 1.149503877127587, 7.675250142367183 ], [ 1.149276703772005, 7.675181946834654 ], [ 1.149046264179624, 7.675125705466801 ], [ 1.148813189953348, 7.675081572408297 ], [ 1.148578119916073, 7.675049668616524 ], [ 1.1483416983599, 7.675030081530132 ], [ 1.148104573280377, 7.67502286482946 ], [ 1.147867394600608, 7.675028038289458 ], [ 1.147630812390075, 7.675045587725566 ], [ 1.147395475083076, 7.675075465032632 ], [ 1.147162027701636, 7.675117588316795 ], [ 1.146931110087784, 7.675171842119988 ], [ 1.146703355150018, 7.675238077736404 ], [ 1.146479387128769, 7.675316113620091 ], [ 1.146259819885629, 7.675405735882541 ], [ 1.146045255221003, 7.675506698878919 ], [ 1.145836281224815, 7.675618725881319 ], [ 1.145633470664783, 7.675741509837205 ], [ 1.145437379416666, 7.675874714210945 ], [ 1.145248544940807, 7.676017973906203 ], [ 1.14506748480912, 7.676170896266494 ], [ 1.144894695286573, 7.676333062151394 ], [ 1.144730649971052, 7.676504027085246 ], [ 1.144575798495333, 7.676683322475333 ], [ 1.144430565294712, 7.67687045689615 ], [ 1.144295348443673, 7.677064917436253 ], [ 1.144170518564798, 7.677266171103982 ], [ 1.144056417812884, 7.677473666288247 ], [ 1.143953358937065, 7.677686834270316 ], [ 1.14386162442352, 7.677905090782525 ], [ 1.143781465721094, 7.67812783760959 ], [ 1.143713102551978, 7.678354464228157 ], [ 1.143656722309327, 7.678584349480081 ], [ 1.143612479543464, 7.678816863274899 ], [ 1.143580495538102, 7.679051368316738 ], [ 1.143560857977717, 7.679287221851025 ], [ 1.14355362070701, 7.679523777426126 ], [ 1.143558803583112, 7.679760386665195 ], [ 1.143576392420925, 7.679996401043233 ], [ 1.143606339031788, 7.68023117366461 ], [ 1.143648561355318, 7.680464061036133 ], [ 1.143702943684099, 7.680694424830784 ], [ 1.143769336980606, 7.680921633637321 ], [ 1.143847559285469, 7.681145064690929 ], [ 1.143937396215999, 7.681364105580182 ], [ 1.144038601553583, 7.681578155925679 ], [ 1.144150897918352, 7.681786629025638 ], [ 1.144273977529276, 7.681988953464082 ], [ 1.144407503047598, 7.682184574677107 ], [ 1.144551108501306, 7.682372956472978 ], [ 1.144704400288103, 7.682553582501876 ], [ 1.144866958254127, 7.682725957671263 ], [ 1.14503833684548, 7.682889609503002 ], [ 1.145218066329386, 7.683044089428495 ], [ 1.145405654081655, 7.683188974018297 ], [ 1.145600585936908, 7.683323866142796 ], [ 1.145802327597879, 7.683448396060885 ], [ 1.146010326099907, 7.683562222433477 ], [ 1.146224011326632, 7.683665033259237 ], [ 1.146442797572719, 7.683756546729868 ], [ 1.146666085149332, 7.683836512002662 ], [ 1.146893262027964, 7.683904709888147 ], [ 1.147123705518098, 7.683960953450983 ], [ 1.147356783974123, 7.684005088522447 ], [ 1.147591858526804, 7.684036994123102 ], [ 1.147828284834569, 7.684056582794485 ], [ 1.148065414849808, 7.684063800838887 ], [ 1.148302598595341, 7.684058628466637 ], [ 1.148539185946184, 7.684041079850373 ], [ 1.148774528411723, 7.684011203086277 ], [ 1.149007980913411, 7.683969080062245 ], [ 1.149238903553124, 7.683914826233505 ], [ 1.149466663367299, 7.68384859030614 ], [ 1.149690636062077, 7.683770553829507 ], [ 1.149910207724661, 7.683680930698616 ], [ 1.150124776506228, 7.683579966567814 ], [ 1.150333754271746, 7.683467938177433 ], [ 1.150536568212202, 7.683345152595222 ], [ 1.150732662414797, 7.683211946374623 ], [ 1.15092149938682, 7.683068684632217 ], [ 1.151102561529009, 7.682915760046908 ], [ 1.151275352554368, 7.682753591783505 ], [ 1.151439398848544, 7.682582624343724 ], [ 1.151594250768041, 7.682403326347734 ], [ 1.151739483872702, 7.682216189249588 ], [ 1.15187470008909, 7.68202172599007 ], [ 1.15199952880158, 7.68182046959063 ], [ 1.152113627868153, 7.681612971692294 ], [ 1.15221668455814, 7.681399801043519 ], [ 1.15230841640931, 7.681181541941197 ], [ 1.152388572001989, 7.680958792628984 ], [ 1.152456931648054, 7.680732163657463 ], [ 1.152513307992954, 7.680502276210553 ], [ 1.152557546529066, 7.680269760402775 ], [ 1.152589526019022, 7.680035253552051 ], [ 1.152609158827816, 7.679799398432776 ], [ 1.152616391162806, 7.679562841513943 ], [ 1.152611203220942, 7.67932623118713 ], [ 1.152593609242818, 7.679090215989244 ], [ 1.152563657473415, 7.6788554428249 ], [ 1.152521430029637, 7.678622555193246 ], [ 1.152467042674994, 7.678392191424139 ], [ 1.15240064450208, 7.678164982928551 ], [ 1.152322417523687, 7.677941552467891 ], [ 1.152232576173713, 7.677722512447075 ] ] ], [ [ [ 1.190908593841262, 7.48076066784612 ], [ 1.190818748069745, 7.480541639023978 ], [ 1.190717540114916, 7.480327603404027 ], [ 1.190605247397213, 7.480119147638491 ], [ 1.190482177718241, 7.479916843084596 ], [ 1.190348668416959, 7.479721244238566 ], [ 1.190205085444898, 7.479532887215862 ], [ 1.190051822362993, 7.479352288281803 ], [ 1.189889299262741, 7.479179942436629 ], [ 1.189717961614682, 7.479016322058811 ], [ 1.189538279047322, 7.478861875610413 ], [ 1.189350744059874, 7.478717026407992 ], [ 1.189155870672329, 7.478582171462435 ], [ 1.188954193016575, 7.478457680390897 ], [ 1.188746263872397, 7.478343894403825 ], [ 1.188532653152404, 7.478241125369839 ], [ 1.188313946340007, 7.478149654961036 ], [ 1.188090742884749, 7.478069733881091 ], [ 1.187863654559369, 7.478001581178169 ], [ 1.187633303783112, 7.477945383644671 ], [ 1.187400321915877, 7.477901295305332 ], [ 1.187165347527873, 7.477869436995156 ], [ 1.186929024649523, 7.4778498960283 ], [ 1.186692001006427, 7.477842725958839 ], [ 1.186454926244193, 7.477847946434025 ], [ 1.186218450148019, 7.477865543140532 ], [ 1.185983220861901, 7.477895467843703 ], [ 1.185749883112344, 7.477937638519804 ], [ 1.185519076441427, 7.477991939580879 ], [ 1.185291433454096, 7.478058222191559 ], [ 1.185067578084452, 7.478136304677038 ], [ 1.184848123885809, 7.478225973020997 ], [ 1.18463367234919, 7.478326981452178 ], [ 1.184424811254873, 7.478439053118013 ], [ 1.18422211306151, 7.478561880843381 ], [ 1.184026133337221, 7.478695127972508 ], [ 1.183837409236971, 7.478838429291651 ], [ 1.183656458030392, 7.478991392030021 ], [ 1.183483775684096, 7.479153596936279 ], [ 1.183319835502349, 7.47932459942756 ], [ 1.18316508682985, 7.479503930807939 ], [ 1.183019953820146, 7.479691099552989 ], [ 1.182884834273076, 7.47988559265691 ], [ 1.182760098544433, 7.480086877038508 ], [ 1.182646088530811, 7.480294401002225 ], [ 1.182543116732437, 7.480507595750175 ], [ 1.182451465396568, 7.480725876941058 ], [ 1.18237138574376, 7.480948646291687 ], [ 1.182303097279189, 7.48117529321673 ], [ 1.182246787190855, 7.481405196502161 ], [ 1.182202609836367, 7.481637726007862 ], [ 1.182170686319682, 7.481872244394713 ], [ 1.182151104158988, 7.482108108871387 ], [ 1.182143917046626, 7.482344672956122 ], [ 1.182149144701706, 7.482581288248621 ], [ 1.182166772815851, 7.482817306207202 ], [ 1.182196753092193, 7.48305207992636 ], [ 1.182239003377519, 7.483284965909856 ], [ 1.182293407887228, 7.48351532583447 ], [ 1.182359817522461, 7.483742528299588 ], [ 1.182438050278549, 7.483965950557829 ], [ 1.182527891743664, 7.484184980221967 ], [ 1.182629095686299, 7.484399016943462 ], [ 1.182741384729979, 7.484607474058011 ], [ 1.182864451113347, 7.484809780193621 ], [ 1.182997957533556, 7.485005380836737 ], [ 1.183141538070638, 7.485193739852203 ], [ 1.183294799190338, 7.485374340952868 ], [ 1.183457320822654, 7.485546689114752 ], [ 1.183628657513132, 7.485710311934007 ], [ 1.183808339643757, 7.485864760921818 ], [ 1.183995874720101, 7.486009612733805 ], [ 1.184190748721198, 7.486144470330491 ], [ 1.184392427508439, 7.486268964065671 ], [ 1.18460035828964, 7.486382752699722 ], [ 1.18481397113426, 7.486485524335024 ], [ 1.185032680535607, 7.486576997270962 ], [ 1.185255887015775, 7.486656920776192 ], [ 1.185482978768882, 7.486725075775969 ], [ 1.185713333338129, 7.486781275452732 ], [ 1.185946319322059, 7.486825365758261 ], [ 1.186141234927909, 7.486851793797261 ], [ 1.186126041903069, 7.487034803682723 ], [ 1.186118856197855, 7.487271368277729 ], [ 1.186124085426969, 7.487507984001998 ], [ 1.186141715277731, 7.487744002312657 ], [ 1.186171697448525, 7.48797877630322 ], [ 1.186213949780957, 7.488211662476696 ], [ 1.186268356484822, 7.488442022509331 ], [ 1.186334768455256, 7.488669225000203 ], [ 1.186413003681195, 7.488892647201846 ], [ 1.186502847744044, 7.489111676727177 ], [ 1.186604054405181, 7.489325713228022 ], [ 1.186716346280676, 7.489534170040679 ], [ 1.186839415601411, 7.489736475793967 ], [ 1.186972925056485, 7.489932075975357 ], [ 1.187116508717604, 7.490120434450965 ], [ 1.187269773041946, 7.490301034935101 ], [ 1.187432297950718, 7.490473382405473 ], [ 1.187603637980471, 7.490637004460119 ], [ 1.18778332350403, 7.490791452612307 ], [ 1.187970862017653, 7.490936303519952 ], [ 1.188165739490938, 7.491071160146042 ], [ 1.188367421775746, 7.491195652847044 ], [ 1.188575356070289, 7.491309440386154 ], [ 1.188788972434379, 7.491412210868758 ], [ 1.189007685351663, 7.491503682597413 ], [ 1.189230895334579, 7.491583604844072 ], [ 1.189457990567627, 7.49165175853745 ], [ 1.189688348584452, 7.49170795686357 ], [ 1.189921337974132, 7.491752045777921 ], [ 1.190156320112003, 7.491783904427778 ], [ 1.190392650910275, 7.491803445483541 ], [ 1.190629682583623, 7.491810615378174 ], [ 1.190866765424938, 7.491805394454104 ], [ 1.191103249586338, 7.491787797017154 ], [ 1.191338486860587, 7.491757871297395 ], [ 1.191571832458003, 7.491715699316955 ], [ 1.191802646774016, 7.491661396665266 ], [ 1.1920302971425, 7.491595112182217 ], [ 1.192254159570086, 7.491517027550222 ], [ 1.192473620446707, 7.491427356796199 ], [ 1.192688078227655, 7.491326345704941 ], [ 1.192896945082574, 7.491214271145372 ], [ 1.193099648506841, 7.491091440311632 ], [ 1.193295632890929, 7.490958189881027 ], [ 1.193484361043434, 7.490814885091122 ], [ 1.193665315663623, 7.490661918738595 ], [ 1.193838000759414, 7.490499710102498 ], [ 1.194001943006957, 7.490328703794966 ], [ 1.194156693048033, 7.490149368542441 ], [ 1.194301826721772, 7.489962195900829 ], [ 1.194436946227255, 7.489767698908059 ], [ 1.194455045739282, 7.489738491251535 ], [ 1.194560414676325, 7.489796150327908 ], [ 1.194774032488583, 7.489898918070168 ], [ 1.194787223325782, 7.489904434638807 ], [ 1.194741588574882, 7.489957319626675 ], [ 1.194596455056334, 7.490144492458588 ], [ 1.194461335453681, 7.490338989486364 ], [ 1.194336600122906, 7.490540277618062 ], [ 1.194222590959554, 7.49074780514784 ], [ 1.194119620461566, 7.49096100326803 ], [ 1.194027970872674, 7.491179287628085 ], [ 1.193947893408692, 7.491402059936122 ], [ 1.193879607568836, 7.491628709598682 ], [ 1.193823300533956, 7.491858615394216 ], [ 1.193779126653331, 7.492091147175714 ], [ 1.193747207021434, 7.492325667597782 ], [ 1.193727629145844, 7.492561533863496 ], [ 1.193720446707187, 7.492798099486165 ], [ 1.193725679411796, 7.49303471606124 ], [ 1.193743312937483, 7.49327073504349 ], [ 1.193773298972567, 7.493505509524578 ], [ 1.193815555348074, 7.493738396006139 ], [ 1.193869966262725, 7.493968756163552 ], [ 1.193936382600119, 7.494195958595534 ], [ 1.194014622337223, 7.494419380554763 ], [ 1.194104471043075, 7.494638409654794 ], [ 1.194205682466326, 7.494852445548601 ], [ 1.194317979209986, 7.495060901574131 ], [ 1.194441053491587, 7.49526320636233 ], [ 1.194574567986614, 7.495458805403318 ], [ 1.194718156752951, 7.495647162566311 ], [ 1.194871426233764, 7.495827761569196 ], [ 1.195033956336108, 7.496000107393743 ], [ 1.195205301582281, 7.496163727642485 ], [ 1.195384992330787, 7.496318173833647 ], [ 1.195572536063541, 7.496463022630501 ], [ 1.195767418735812, 7.496597877001824 ], [ 1.195969106185184, 7.496722367310254 ], [ 1.196177045595691, 7.496836152325564 ], [ 1.196390667013094, 7.49693892016005 ], [ 1.196609384907166, 7.497030389123537 ], [ 1.196832599776674, 7.497110308495569 ], [ 1.197059699792704, 7.49717845921275 ], [ 1.197290062475765, 7.497234654469269 ], [ 1.19752305640212, 7.497278740229051 ], [ 1.197758042934653, 7.497310595648027 ], [ 1.197994377973503, 7.497330133405475 ], [ 1.198231413721707, 7.497337299943418 ], [ 1.198468500460969, 7.497332075613502 ], [ 1.198704988332708, 7.497314474730909 ], [ 1.198940229119506, 7.497284545535166 ], [ 1.199173578022046, 7.497242370057964 ], [ 1.19940439542669, 7.497188063898331 ], [ 1.199632048658841, 7.4971217759058 ], [ 1.199855913717282, 7.497043687772416 ], [ 1.200075376984732, 7.496954013534725 ], [ 1.200289836909936, 7.496852998987079 ], [ 1.200498705656666, 7.496740921007901 ], [ 1.200701410715124, 7.496618086800725 ], [ 1.200897396471312, 7.49648483305211 ], [ 1.201086125730084, 7.496341525008729 ], [ 1.201267081187686, 7.496188555476197 ], [ 1.201439766849762, 7.496026343742292 ], [ 1.201603709390926, 7.495855334427648 ], [ 1.201758459452178, 7.495675996266954 ], [ 1.201903592872616, 7.49548882082409 ], [ 1.202038711852038, 7.495294321144669 ], [ 1.202163446041291, 7.49509303034968 ], [ 1.202277453557336, 7.494885500174148 ], [ 1.20238042192028, 7.494672299454726 ], [ 1.202472068909785, 7.494454012570436 ], [ 1.202552143338514, 7.494231237840821 ], [ 1.202620425740507, 7.494004585885874 ], [ 1.20267672897258, 7.493774677952252 ], [ 1.202720898727119, 7.493542144210396 ], [ 1.202752813954855, 7.493307622027172 ], [ 1.202772387196464, 7.49307175421881 ], [ 1.20277956482209, 7.492835187288894 ], [ 1.202774327178133, 7.492598569656301 ], [ 1.202756688640898, 7.49236254987784 ], [ 1.202726697576973, 7.492127774870584 ], [ 1.202684436210428, 7.491894888138651 ], [ 1.202630020397226, 7.491664528009411 ], [ 1.202563599307439, 7.491437325883834 ], [ 1.202485355016165, 7.491213904505893 ], [ 1.202395502004262, 7.490994876255662 ], [ 1.202294286570262, 7.490780841470845 ], [ 1.202181986155094, 7.490572386801361 ], [ 1.202058908581453, 7.490370083601395 ], [ 1.201925391209919, 7.490174486363434 ], [ 1.201781800014129, 7.489986131198506 ], [ 1.201628528577531, 7.489805534366826 ], [ 1.2014659970145, 7.489633190862839 ], [ 1.201294650818739, 7.489469573058591 ], [ 1.201114959642149, 7.489315129409079 ], [ 1.200927416007507, 7.489170283223174 ], [ 1.200732533958467, 7.489035431503495 ], [ 1.200530847650617, 7.488910943858352 ], [ 1.200322909887418, 7.488797161488798 ], [ 1.200109290605057, 7.488694396253546 ], [ 1.200096099695491, 7.488688879836886 ], [ 1.200141733764427, 7.488635994105436 ], [ 1.200286864698647, 7.48844881874921 ], [ 1.200421981360603, 7.488254319162072 ], [ 1.200546713407483, 7.488053028464764 ], [ 1.200660718962107, 7.487845498392026 ], [ 1.200763685549946, 7.487632297780226 ], [ 1.200855330955509, 7.487414011008092 ], [ 1.200935403995788, 7.487191236394849 ], [ 1.201003685208606, 7.486964584560174 ], [ 1.201059987454023, 7.486734676750392 ], [ 1.201104156427109, 7.486502143135601 ], [ 1.201136071080718, 7.486267621082325 ], [ 1.201155643957079, 7.486031753406429 ], [ 1.201162821427318, 7.485795186611147 ], [ 1.201157583838241, 7.485558569114985 ], [ 1.201139945565983, 7.485322549474391 ], [ 1.201109954976387, 7.485087774606053 ], [ 1.201067694292207, 7.484854888013725 ], [ 1.201013279367516, 7.484624528024398 ], [ 1.200946859369938, 7.484397326038668 ], [ 1.200868616371562, 7.484173904800131 ], [ 1.200778764849689, 7.483954876688482 ], [ 1.200677551098758, 7.483740842041075 ], [ 1.200565252555074, 7.483532387507442 ], [ 1.200442177036196, 7.483330084441416 ], [ 1.200308661897068, 7.48313448733512 ], [ 1.200165073105202, 7.48294613229924 ], [ 1.200011804237459, 7.482765535593646 ], [ 1.199849275401173, 7.48259319221244 ], [ 1.199677932082576, 7.482429574527351 ], [ 1.199498243925688, 7.482275130993046 ], [ 1.199310703445016, 7.4821302849181 ], [ 1.19911582467558, 7.481995433304831 ], [ 1.198914141763988, 7.481870945761268 ], [ 1.198706207504404, 7.481757163488188 ], [ 1.198492591823428, 7.481654398344046 ], [ 1.198273880218043, 7.481562931990296 ], [ 1.198050672150902, 7.481483015119504 ], [ 1.197823579407361, 7.481414866768321 ], [ 1.197593224418751, 7.481358673717238 ], [ 1.197360238556496, 7.481314589978728 ], [ 1.197125260401735, 7.481282736375208 ], [ 1.196888933995202, 7.481263200207956 ], [ 1.19665190707215, 7.481256035017917 ], [ 1.196414829287167, 7.481261260439004 ], [ 1.196178350433729, 7.481278862144353 ], [ 1.195943118663384, 7.48130879188563 ], [ 1.195709778709441, 7.481350967625326 ], [ 1.195478970120024, 7.481405273761631 ], [ 1.19525132550534, 7.481471561445294 ], [ 1.195027468803958, 7.481549648987628 ], [ 1.194808013572852, 7.481639322358468 ], [ 1.194593561305884, 7.481740335772814 ], [ 1.194384699785353, 7.481852412364452 ], [ 1.194182001471095, 7.481975244944779 ], [ 1.19398602193158, 7.482108496844732 ], [ 1.19379729832129, 7.482251802837508 ], [ 1.193616347908537, 7.482404770139515 ], [ 1.193443666657783, 7.482566979486919 ], [ 1.193279727870317, 7.482737986284679 ], [ 1.193124980887045, 7.482917321825079 ], [ 1.192979849856911, 7.48310449457229 ], [ 1.192844732574359, 7.483298991509538 ], [ 1.192826633339605, 7.483328199145804 ], [ 1.192721266080529, 7.483270540063997 ], [ 1.192507651845194, 7.483167772182326 ], [ 1.192288941521068, 7.483076302980125 ], [ 1.192065734567301, 7.482996383157752 ], [ 1.191838642766204, 7.482928231759932 ], [ 1.191608288546531, 7.482872035575497 ], [ 1.191375303277603, 7.482827948625489 ], [ 1.191180388529266, 7.482801523251987 ], [ 1.191195578915368, 7.482618512618483 ], [ 1.19120276122222, 7.482381947219118 ], [ 1.191197528634514, 7.482145330861357 ], [ 1.191179895514668, 7.481909312098549 ], [ 1.191149910214397, 7.481674537845011 ], [ 1.191107654941956, 7.481441651602837 ], [ 1.191053245536585, 7.48121129169808 ], [ 1.190986831150781, 7.480984089531136 ], [ 1.190908593841262, 7.48076066784612 ] ] ], [ [ [ 1.168973793340359, 7.496909270333208 ], [ 1.168883958250264, 7.49669023902525 ], [ 1.168782760400684, 7.496476200189046 ], [ 1.168670477184437, 7.496267740485656 ], [ 1.168547416377158, 7.496065431283121 ], [ 1.168413915293564, 7.495869827090404 ], [ 1.168270339862733, 7.495681464037633 ], [ 1.168117083625003, 7.49550085840665 ], [ 1.167954566653178, 7.495328505216036 ], [ 1.167783234401062, 7.495164876864378 ], [ 1.16760355648243, 7.495010421835572 ], [ 1.167416025383806, 7.494865563469663 ], [ 1.167221155114573, 7.494730698802623 ], [ 1.16701947979811, 7.494606197478211 ], [ 1.166811552207826, 7.494492400734922 ], [ 1.166597942252098, 7.49438962047082 ], [ 1.166379235412262, 7.494298138388732 ], [ 1.166156031137949, 7.49421820522426 ], [ 1.165928941204147, 7.494150040058642 ], [ 1.165698588034509, 7.49409382971837 ], [ 1.165465602995479, 7.494049728263228 ], [ 1.165230624665942, 7.494017856564099 ], [ 1.164994297087101, 7.49399830197178 ], [ 1.164757267997404, 7.493991118077627 ], [ 1.164520187057346, 7.493996324566735 ], [ 1.164283704069015, 7.494013907164043 ], [ 1.164048467195244, 7.494043817673512 ], [ 1.163815121183277, 7.494085974110263 ], [ 1.163584305597777, 7.494140260925318 ], [ 1.163356653068058, 7.49420652932232 ], [ 1.163132787554307, 7.494284597665376 ], [ 1.16291332263757, 7.494374251976898 ], [ 1.162698859838174, 7.494475246524067 ], [ 1.162489986967191, 7.494587304492343 ], [ 1.162287276515479, 7.494710118744134 ], [ 1.162091284084683, 7.494843352660595 ], [ 1.161902546864522, 7.494986641064186 ], [ 1.16172158216052, 7.495139591219532 ], [ 1.161548885976215, 7.495301783909793 ], [ 1.161384931653743, 7.495472774585596 ], [ 1.161230168576499, 7.495652094583433 ], [ 1.161085020937461, 7.495839252410109 ], [ 1.16094988657652, 7.496033735089778 ], [ 1.160825135890028, 7.496235009569864 ], [ 1.160711110815543, 7.496442524181989 ], [ 1.160608123894549, 7.496655710153947 ], [ 1.160516457415729, 7.496873983168553 ], [ 1.160436362641135, 7.497096744965087 ], [ 1.160368059117385, 7.497323384978974 ], [ 1.160311734073759, 7.497553282015197 ], [ 1.160267541908867, 7.497785805950826 ], [ 1.160235603767281, 7.498020319462074 ], [ 1.160216007207301, 7.498256179771042 ], [ 1.160208805960765, 7.498492740407451 ], [ 1.160214019785569, 7.49872935298051 ], [ 1.160231634411289, 7.498965368956059 ], [ 1.160261601578078, 7.499200141434073 ], [ 1.160303839168716, 7.499433026921775 ], [ 1.160358231433458, 7.499663387097349 ], [ 1.160424629307075, 7.499890590559541 ], [ 1.160502850817205, 7.500114014558269 ], [ 1.160592681582917, 7.500333046701571 ], [ 1.160693875402103, 7.500547086634139 ], [ 1.160806154926111, 7.500755547682898 ], [ 1.160929212419753, 7.500957858465077 ], [ 1.16106271060462, 7.501153464454393 ], [ 1.161206283583389, 7.501341829501046 ], [ 1.161359537842594, 7.501522437301338 ], [ 1.161522053331104, 7.501694792812932 ], [ 1.161693384611366, 7.501858423611802 ], [ 1.161873062080254, 7.502012881187242 ], [ 1.162060593256172, 7.502157742171309 ], [ 1.162255464128889, 7.502292609499342 ], [ 1.162457140568415, 7.502417113498433 ], [ 1.162665069789035, 7.502530912900774 ], [ 1.162878681864511, 7.502633695779178 ], [ 1.163097391290283, 7.502725180402169 ], [ 1.163320598588388, 7.502805116006305 ], [ 1.163547691950706, 7.502873283483622 ], [ 1.163778048916025, 7.502929495982301 ], [ 1.16401103807631, 7.502973599418909 ], [ 1.164246020807525, 7.503005472900849 ], [ 1.164482353020241, 7.503025029057799 ], [ 1.164719386925242, 7.503032214281254 ], [ 1.164956472809273, 7.503027008871564 ], [ 1.16519296081608, 7.503009427091956 ], [ 1.165428202727846, 7.502979517129508 ], [ 1.165661553742131, 7.502937360963113 ], [ 1.165892374239464, 7.50288307413878 ], [ 1.166120031536717, 7.502816805452971 ], [ 1.166343901621467, 7.502738736544745 ], [ 1.166563370862589, 7.502649081397879 ], [ 1.166777837692378, 7.502548085754349 ], [ 1.166986714255601, 7.502436026440702 ], [ 1.167189428020949, 7.502313210609268 ], [ 1.167385423350473, 7.502179974896206 ], [ 1.167574163022693, 7.502036684498735 ], [ 1.167755129705222, 7.501883732174078 ], [ 1.167927827372841, 7.501721537162843 ], [ 1.168091782667167, 7.501550544039825 ], [ 1.168246546194154, 7.501371221495351 ], [ 1.1683916937559, 7.501184061050517 ], [ 1.168526827513357, 7.500989575709856 ], [ 1.168651577076786, 7.500788298555093 ], [ 1.168765600520933, 7.500580781283916 ], [ 1.16886858532218, 7.500367592697655 ], [ 1.168960249215064, 7.500149317142147 ], [ 1.169040340965867, 7.499926552905949 ], [ 1.1691086410611, 7.499699910580358 ], [ 1.169164962309047, 7.499470011385734 ], [ 1.169209150352683, 7.499237485468639 ], [ 1.16924108409259, 7.499002970174577 ], [ 1.169260676018695, 7.498767108300977 ], [ 1.169267872449927, 7.498530546335267 ], [ 1.16926265368115, 7.498293932682789 ], [ 1.169245034036954, 7.498057915889545 ], [ 1.169215061832169, 7.497823142864506 ], [ 1.169172819239215, 7.497590257106449 ], [ 1.16911842206264, 7.497359896940152 ], [ 1.16905201942149, 7.497132693766767 ], [ 1.168973793340359, 7.496909270333208 ] ] ], [ [ [ 1.208242246387473, 7.499496501779126 ], [ 1.208141026799461, 7.49928246727585 ], [ 1.208028722028922, 7.499074012999809 ], [ 1.207905639910489, 7.49887171030409 ], [ 1.207772117817197, 7.498676113679791 ], [ 1.207628521735615, 7.498487759236233 ], [ 1.207475245262577, 7.49830716323164 ], [ 1.207312708526248, 7.498134820658182 ], [ 1.207141357034499, 7.497971203885332 ], [ 1.20696166045373, 7.497816761365255 ], [ 1.206774111321509, 7.497671916403719 ], [ 1.206579223696539, 7.497537065999977 ], [ 1.206377531749667, 7.497412579758731 ], [ 1.206169588299785, 7.497298798877177 ], [ 1.205955963298643, 7.497196035209952 ], [ 1.205737242268727, 7.497104570414458 ], [ 1.205514024698477, 7.49702465517899 ], [ 1.205286922399251, 7.496956508535722 ], [ 1.205056557828526, 7.496900317260456 ], [ 1.20482356238394, 7.496856235360824 ], [ 1.20458857467285, 7.496824383654198 ], [ 1.204352238762137, 7.496804849436684 ], [ 1.204115202413059, 7.496797686243892 ], [ 1.203878115305994, 7.496802913704277 ], [ 1.203641627259928, 7.496820517485408 ], [ 1.203406386451567, 7.496850449333292 ], [ 1.203173037638955, 7.496892627204664 ], [ 1.202942220394465, 7.496946935491896 ], [ 1.202714567351997, 7.497013225339872 ], [ 1.202490702473194, 7.497091315053997 ], [ 1.202271239337421, 7.497180990598188 ], [ 1.202056779460195, 7.497282006181512 ], [ 1.201847910644657, 7.497394084931845 ], [ 1.201645205370634, 7.497516919654685 ], [ 1.20144921922567, 7.497650173675136 ], [ 1.201260489382354, 7.497793481760593 ], [ 1.201079533126093, 7.497946451121773 ], [ 1.200906846437374, 7.498108662489208 ], [ 1.200742902632413, 7.498279671262346 ], [ 1.200588151065889, 7.49845900872808 ], [ 1.200443015899334, 7.49864618334532 ], [ 1.200307894938561, 7.498840682092173 ], [ 1.200183158543299, 7.499041971871991 ], [ 1.200069148612034, 7.499249500974423 ], [ 1.199966177644838, 7.499462700587494 ], [ 1.199874527886758, 7.499680986356555 ], [ 1.199794450554097, 7.499903759985862 ], [ 1.199726165145742, 7.500130410878334 ], [ 1.199669858841386, 7.50036031780904 ], [ 1.199625685988335, 7.500592850627847 ], [ 1.199593767678274, 7.500827371986513 ], [ 1.199574191415186, 7.501063239085531 ], [ 1.1995670108753, 7.501299805435912 ], [ 1.199572245759774, 7.501536422631097 ], [ 1.199589881740463, 7.501772442124146 ], [ 1.199619870498981, 7.502007217005294 ], [ 1.199662129858907, 7.50224010377507 ], [ 1.199716544010799, 7.502470464108042 ], [ 1.199782963829395, 7.502697666602423 ], [ 1.199861207282134, 7.502921088510701 ], [ 1.19995105992788, 7.503140117446558 ], [ 1.200052275504485, 7.503354153063394 ], [ 1.200164576603581, 7.503562608699894 ], [ 1.200287655430761, 7.503764912988058 ], [ 1.20042117464905, 7.503960511419352 ], [ 1.200564768303376, 7.504148867864648 ], [ 1.200718042823501, 7.504329466043798 ], [ 1.200880578102655, 7.504501810940803 ], [ 1.201051928648932, 7.504665430160728 ], [ 1.201231624806292, 7.504819875224607 ], [ 1.201419174041805, 7.504964722798791 ], [ 1.201614062295637, 7.505099575855408 ], [ 1.20181575539005, 7.505224064760697 ], [ 1.20202370049358, 7.50533784828826 ], [ 1.202237327636359, 7.505440614554485 ], [ 1.202456051272438, 7.505532081873478 ], [ 1.202679271884821, 7.505611999529314 ], [ 1.202906377628822, 7.50568014846329 ], [ 1.203136746009221, 7.505736341874503 ], [ 1.203369745586641, 7.505780425731935 ], [ 1.203604737708444, 7.505812279196743 ], [ 1.203841078259426, 7.505831814953578 ], [ 1.204078119427489, 7.505838979449954 ], [ 1.204315211479455, 7.505833753043132 ], [ 1.204551704542161, 7.505816150054 ], [ 1.20478695038394, 7.505786218727881 ], [ 1.205020304191598, 7.50574404110232 ], [ 1.205251126338039, 7.505689732782251 ], [ 1.205478784135653, 7.505623442623148 ], [ 1.205702653570699, 7.505545352323018 ], [ 1.205922121013893, 7.50545567592436 ], [ 1.206136584902526, 7.505354659227476 ], [ 1.206345457389507, 7.505242579116688 ], [ 1.206548165954783, 7.505119742801399 ], [ 1.206744154974751, 7.504986486973955 ], [ 1.206932887245321, 7.504843176886759 ], [ 1.207113845454497, 7.504690205351022 ], [ 1.20728653360039, 7.504527991660045 ], [ 1.207450478350822, 7.504356980439824 ], [ 1.207605230340756, 7.504177640430294 ], [ 1.207750365404019, 7.503990463200406 ], [ 1.20788548573593, 7.503795961800673 ], [ 1.208010220983651, 7.503594669356812 ], [ 1.208124229261268, 7.503387137608368 ], [ 1.208227198086826, 7.503173935396304 ], [ 1.208318845238744, 7.502955647103736 ], [ 1.208398919529271, 7.502732871054064 ], [ 1.208467201492852, 7.502506217870888 ], [ 1.208523503987533, 7.502276308804231 ], [ 1.208567672707751, 7.502043774027631 ], [ 1.208599586607098, 7.501809250910777 ], [ 1.208619158229918, 7.501573382272441 ], [ 1.20862633395082, 7.50133681461848 ], [ 1.208621094121445, 7.50110019636973 ], [ 1.208603453124115, 7.500864176084678 ], [ 1.208573459332179, 7.500629400681765 ], [ 1.208531194977206, 7.500396513666183 ], [ 1.208476775923364, 7.500166153366047 ], [ 1.208410351349622, 7.499938951182789 ], [ 1.20833210334064, 7.499715529860514 ], [ 1.208242246387473, 7.499496501779126 ] ] ], [ [ [ 1.207163277032363, 7.511220511816211 ], [ 1.206928028038188, 7.511250443755908 ], [ 1.206694671108305, 7.51129262173418 ], [ 1.206463845837301, 7.511346930143105 ], [ 1.206236184881047, 7.511413220127262 ], [ 1.206012312222847, 7.511491309991696 ], [ 1.205792841463364, 7.511580985699934 ], [ 1.205578374138989, 7.511682001460608 ], [ 1.205369498073257, 7.511794080401129 ], [ 1.205166785765854, 7.511916915326505 ], [ 1.204970792823592, 7.51205016956129 ], [ 1.204782056437684, 7.512193477872331 ], [ 1.204601093911468, 7.512346447469732 ], [ 1.204428401242621, 7.512508659083403 ], [ 1.204264451763756, 7.512679668112148 ], [ 1.204109694845114, 7.51285900584216 ], [ 1.203964554662914, 7.513046180731648 ], [ 1.203829429036735, 7.513240679757995 ], [ 1.203704688339115, 7.513441969823799 ], [ 1.203590674480359, 7.513649499217934 ], [ 1.203487699971334, 7.513862699127636 ], [ 1.203396047066826, 7.51408098519746 ], [ 1.203315966991799, 7.514303759130841 ], [ 1.203247679252689, 7.514530410329861 ], [ 1.20319137103562, 7.514760317568762 ], [ 1.203147196693178, 7.514992850696563 ], [ 1.203115277321172, 7.515227372364172 ], [ 1.203095700426533, 7.515463239771234 ], [ 1.203088519687268, 7.515699806427906 ], [ 1.203093754805115, 7.515936423926784 ], [ 1.203111391451333, 7.516172443720084 ], [ 1.203141381305749, 7.516407218897208 ], [ 1.203183642188973, 7.516640105957852 ], [ 1.203238058287423, 7.51687046657578 ], [ 1.203304480470533, 7.517097669348404 ], [ 1.203382726699288, 7.517321091527433 ], [ 1.203472582524969, 7.517540120725781 ], [ 1.203573801676735, 7.517754156596115 ], [ 1.203686106736436, 7.517962612476397 ], [ 1.203809189898823, 7.518164916997949 ], [ 1.203942713815048, 7.518360515651571 ], [ 1.20408631251717, 7.5185488723075 ], [ 1.204239592421115, 7.518729470684991 ], [ 1.204402133405354, 7.518901815767484 ], [ 1.204573489962338, 7.519065435159518 ], [ 1.20475319241954, 7.519219880381626 ], [ 1.204940748226748, 7.519364728099724 ], [ 1.205135643306095, 7.519499581285516 ], [ 1.205337343461114, 7.519624070304876 ], [ 1.205545295840961, 7.519737853931087 ], [ 1.205758930455794, 7.519840620280239 ], [ 1.205977661739154, 7.519932087666226 ], [ 1.206200890153048, 7.52001200537291 ], [ 1.20642800383137, 7.520080154341458 ], [ 1.206658380257116, 7.520136347770859 ], [ 1.206891387968815, 7.520180431630058 ], [ 1.207126388291495, 7.520212285080199 ], [ 1.207362737087433, 7.520231820805974 ], [ 1.207599786521889, 7.520238985254999 ], [ 1.207836886838991, 7.52023375878467 ], [ 1.208073388142882, 7.520216155716057 ], [ 1.208308642179265, 7.520186224294711 ], [ 1.208542004112453, 7.520144046558454 ], [ 1.208772834293042, 7.520089738112541 ], [ 1.209000500011371, 7.520023447812812 ], [ 1.20922437723196, 7.519945357357665 ], [ 1.20944385230416, 7.519855680790055 ], [ 1.20965832364433, 7.519754663910763 ], [ 1.209867203384936, 7.519642583604628 ], [ 1.21006991898603, 7.519519747081612 ], [ 1.210265914804714, 7.519386491034656 ], [ 1.210454653618258, 7.519243180716782 ], [ 1.210514352341638, 7.519192716583157 ], [ 1.210693585420091, 7.519188764405446 ], [ 1.210930086397324, 7.51917115963396 ], [ 1.211165340020403, 7.519141226499038 ], [ 1.211398701454775, 7.519099047043202 ], [ 1.211629531052411, 7.519044736876425 ], [ 1.211857196105251, 7.518978444859267 ], [ 1.212081072579649, 7.518900352694852 ], [ 1.212300546827005, 7.518810674430817 ], [ 1.21251501726595, 7.518709655872591 ], [ 1.212723896031425, 7.518597573909634 ], [ 1.212926610586166, 7.518474735756438 ], [ 1.213122605290148, 7.518341478110427 ], [ 1.213311342923707, 7.518198166228991 ], [ 1.213492306160151, 7.518045192928303 ], [ 1.213664998983826, 7.517882977506503 ], [ 1.213828948049745, 7.517711964594361 ], [ 1.213983703981063, 7.517532622936456 ], [ 1.214128842600825, 7.517345444106282 ], [ 1.214263966094629, 7.517150941158749 ], [ 1.214388704100998, 7.516949647223826 ], [ 1.21450271472649, 7.516742114045151 ], [ 1.21460568548275, 7.516528910467614 ], [ 1.21469733414294, 7.516310620878079 ], [ 1.214777409515213, 7.516087843603498 ], [ 1.214845692131089, 7.515861189270827 ], [ 1.214901994846866, 7.515631279133239 ], [ 1.214946163356416, 7.515398743367197 ], [ 1.21497807661395, 7.515164219345093 ], [ 1.214997647165611, 7.514928349888168 ], [ 1.215004821388981, 7.514691781504512 ], [ 1.214999579639847, 7.514455162616938 ], [ 1.214981936305826, 7.514219141785671 ], [ 1.214951939766707, 7.513984365930628 ], [ 1.214909672261621, 7.513751478558221 ], [ 1.214855249663398, 7.513521117997521 ], [ 1.214788821160746, 7.513293915650646 ], [ 1.214710568849117, 7.513070494262129 ], [ 1.214620707231378, 7.512851466212031 ], [ 1.214519482629668, 7.512637431837466 ], [ 1.214407172510056, 7.512428977787182 ], [ 1.214284084721845, 7.512226675413623 ], [ 1.214150556653609, 7.512031079206974 ], [ 1.214006954308294, 7.511842725275389 ], [ 1.213853671299895, 7.511662129875676 ], [ 1.213691127774479, 7.511489787998318 ], [ 1.213519769258509, 7.511326172010866 ], [ 1.213340065437621, 7.511171730363314 ], [ 1.213152508869204, 7.511026886359024 ], [ 1.212957613632318, 7.510892036994614 ], [ 1.212755913918644, 7.51076755187192 ], [ 1.212547962568331, 7.510653772185071 ], [ 1.212334329554748, 7.510551009785421 ], [ 1.212115600422307, 7.510459546326895 ], [ 1.211892374681618, 7.510379632494119 ], [ 1.211665264166395, 7.51031148731543 ], [ 1.211434891356592, 7.510255297562621 ], [ 1.211201887672391, 7.510211217239148 ], [ 1.210966891743692, 7.510179367158085 ], [ 1.21073054765986, 7.510159834611085 ], [ 1.210493503204514, 7.510152673129197 ], [ 1.210256408080215, 7.510157902336205 ], [ 1.210019912127888, 7.51017550789491 ], [ 1.209784663545873, 7.510205441546459 ], [ 1.209551307113491, 7.510247621242668 ], [ 1.209320482423972, 7.51030193137093 ], [ 1.209092822131596, 7.510368223071108 ], [ 1.208868950217857, 7.51044631464355 ], [ 1.208649480281385, 7.510535992047108 ], [ 1.208435013856319, 7.510637009485774 ], [ 1.20822613876374, 7.51074909008236 ], [ 1.208023427500674, 7.510871926637342 ], [ 1.207827435671078, 7.511005182470811 ], [ 1.207638700463126, 7.511148492345224 ], [ 1.20757900281977, 7.511198956285867 ], [ 1.207399773310385, 7.511202907958568 ], [ 1.207163277032363, 7.511220511816211 ] ] ], [ [ [ 1.196734010937403, 7.527923488038995 ], [ 1.196632794343388, 7.527709450918365 ], [ 1.196520491681598, 7.527500993521731 ], [ 1.196397410780954, 7.527298687210712 ], [ 1.196263889011218, 7.527103086486298 ], [ 1.196120292358132, 7.526914727469022 ], [ 1.195967014420148, 7.526734126429618 ], [ 1.195804475329491, 7.52656177837403 ], [ 1.195633120600522, 7.526398155686718 ], [ 1.19545341990854, 7.526243706836018 ], [ 1.195265865802406, 7.526098855145007 ], [ 1.195070972354466, 7.525963997631345 ], [ 1.194869273751531, 7.525839503919168 ], [ 1.194661322830729, 7.525725715226104 ], [ 1.194447689564273, 7.525622943428155 ], [ 1.194228959497281, 7.525531470204961 ], [ 1.194005732142932, 7.525451546267863 ], [ 1.19377861933936, 7.52538339067284 ], [ 1.193548243572788, 7.525327190220191 ], [ 1.193315236271485, 7.525283098942643 ], [ 1.193080236075247, 7.525251237683244 ], [ 1.192843887085109, 7.525231693764233 ], [ 1.192606837098106, 7.525224520747781 ], [ 1.192369735831922, 7.525229738289233 ], [ 1.192133233144273, 7.52524733208332 ], [ 1.191897977251914, 7.52527725390339 ], [ 1.191664612954149, 7.525319421733651 ], [ 1.19143377986571, 7.525373719993973 ], [ 1.191206110663842, 7.525439999856719 ], [ 1.190982229354395, 7.525518079654655 ], [ 1.19076274956169, 7.525607745378875 ], [ 1.190548272846818, 7.525708751265366 ], [ 1.190339387059, 7.525820820468588 ], [ 1.190136664724509, 7.525943645820234 ], [ 1.189940661477589, 7.526076890671096 ], [ 1.189751914537646, 7.526220189813745 ], [ 1.189570941236893, 7.526373150483416 ], [ 1.189398237602492, 7.52653535343451 ], [ 1.189234276997069, 7.526706354089577 ], [ 1.189079508821322, 7.526885683757796 ], [ 1.188934357282289, 7.527072850919494 ], [ 1.188799220230646, 7.527267342573258 ], [ 1.188674468070223, 7.527468625641927 ], [ 1.188560442742725, 7.527676148433589 ], [ 1.188457456790438, 7.527889342153615 ], [ 1.188365792499502, 7.528107622463565 ], [ 1.18828570112609, 7.528330391082703 ], [ 1.188217402207612, 7.528557037427719 ], [ 1.188161082960838, 7.5287869402862 ], [ 1.188116897768603, 7.529019469519221 ], [ 1.188084967756475, 7.529253987788409 ], [ 1.188065380460573, 7.529489852302769 ], [ 1.188058189587445, 7.529726416580427 ], [ 1.188063414866642, 7.529963032220541 ], [ 1.18808104199643, 7.530199050680461 ], [ 1.188111022682762, 7.530433825053284 ], [ 1.188153274771427, 7.530666711840945 ], [ 1.188207682472995, 7.530897072717981 ], [ 1.188274096679973, 7.531124276281136 ], [ 1.18835233537526, 7.53134769977996 ], [ 1.188442184130842, 7.531566730823781 ], [ 1.188543396695312, 7.531780769060219 ], [ 1.188655695668634, 7.531989227820767 ], [ 1.188778773262296, 7.532191535728852 ], [ 1.188912292142768, 7.532387138265994 ], [ 1.189055886355964, 7.532575499291792 ], [ 1.189209162330165, 7.532756102513512 ], [ 1.189371699954661, 7.532928452901304 ], [ 1.189543053731155, 7.533092078045146 ], [ 1.18972275399478, 7.533246529449796 ], [ 1.189910308201373, 7.533391383764189 ], [ 1.190105202277485, 7.533526243941926 ], [ 1.190306902029424, 7.533650740329686 ], [ 1.190514854607472, 7.533764531680517 ], [ 1.190728490021257, 7.533867306089306 ], [ 1.190947222702138, 7.533958781847807 ], [ 1.191170453108296, 7.534038708216901 ], [ 1.191397569368161, 7.534106866113962 ], [ 1.191627948957643, 7.534163068713474 ], [ 1.191860960406586, 7.534207161959181 ], [ 1.192095965029753, 7.534239024986477 ], [ 1.192332318677608, 7.534258570453754 ], [ 1.192569373502083, 7.534265744781877 ], [ 1.192806479732495, 7.534260528301125 ], [ 1.193042987456737, 7.534242935305153 ], [ 1.193278248402875, 7.534213014011863 ], [ 1.193511617716231, 7.534170846431281 ], [ 1.193742455727124, 7.534116548140799 ], [ 1.193970129704379, 7.534050267968381 ], [ 1.194194015589821, 7.533972187584659 ], [ 1.194413499708996, 7.533882521004954 ], [ 1.194627980453412, 7.533781514002654 ], [ 1.1948368699297, 7.533669443435521 ], [ 1.195039595571173, 7.533546616486806 ], [ 1.195235601707356, 7.533413369823217 ], [ 1.195424351087188, 7.533270068672046 ], [ 1.195605326351725, 7.533117105820056 ], [ 1.195778031452287, 7.532954900536762 ], [ 1.195941993010186, 7.532783897425161 ], [ 1.196096761614288, 7.532604565202993 ], [ 1.196241913052862, 7.532417395417912 ], [ 1.196377049476333, 7.532222901100076 ], [ 1.196501800487753, 7.532021615355827 ], [ 1.196615824158006, 7.531814089906396 ], [ 1.196718807962964, 7.531600893575527 ], [ 1.196810469640009, 7.53138261073027 ], [ 1.196890557961612, 7.531159839679141 ], [ 1.196958853423798, 7.530933191032082 ], [ 1.197015168847662, 7.530703286026741 ], [ 1.197059349892257, 7.530470754825561 ], [ 1.197091275477456, 7.530236234788473 ], [ 1.197110858115641, 7.530000368725847 ], [ 1.197118044151297, 7.529763803136525 ], [ 1.197112813907872, 7.529527186435707 ], [ 1.197095181741491, 7.529291167177668 ], [ 1.197065196001381, 7.529056392278068 ], [ 1.197022938897124, 7.528823505240729 ], [ 1.1969685262731, 7.528593144393851 ], [ 1.196902107290738, 7.528365941140367 ], [ 1.196823864019456, 7.528142518227328 ], [ 1.196734010937403, 7.527923488038995 ] ] ], [ [ [ 1.182359635401199, 7.563486922256091 ], [ 1.182258422570943, 7.563272881849152 ], [ 1.182146122560672, 7.563064420533868 ], [ 1.182023043192129, 7.562862109682588 ], [ 1.181889521830955, 7.562666503808715 ], [ 1.181745924461849, 7.562478139046873 ], [ 1.181592644685288, 7.562297531683509 ], [ 1.181430102638592, 7.562125176741849 ], [ 1.181258743844271, 7.561961546625192 ], [ 1.181079037988804, 7.561807089822185 ], [ 1.180891477635228, 7.561662229677654 ], [ 1.180696576873028, 7.561527363232372 ], [ 1.180494869909067, 7.561402860134894 ], [ 1.180286909603383, 7.561289061628522 ], [ 1.180073265953892, 7.56118627961609 ], [ 1.179854524534144, 7.561094795805171 ], [ 1.179631284888393, 7.561014860936076 ], [ 1.179404158888415, 7.560946694094675 ], [ 1.179173769056542, 7.560890482112044 ], [ 1.17894074685953, 7.560846379052454 ], [ 1.178705730977926, 7.56081450579119 ], [ 1.178469365555671, 7.560794949683345 ], [ 1.178232298434754, 7.560787764324442 ], [ 1.177995179379725, 7.560792969403627 ], [ 1.177758658296959, 7.560810550649745 ], [ 1.177523383453526, 7.560840459870506 ], [ 1.177289999700572, 7.560882615084629 ], [ 1.177059146706048, 7.56093690074654 ], [ 1.176831457201654, 7.561003168063124 ], [ 1.176607555248783, 7.561081235401522 ], [ 1.176388054528239, 7.561170888786987 ], [ 1.176173556658376, 7.561271882489323 ], [ 1.175964649546304, 7.561383939696397 ], [ 1.175761905776661, 7.561506753272807 ], [ 1.17556588104236, 7.561639986601642 ], [ 1.175377112621628, 7.561783274507074 ], [ 1.175196117905492, 7.561936224255187 ], [ 1.175023392979757, 7.562098416630351 ], [ 1.174859411265359, 7.562269407084147 ], [ 1.17470462222082, 7.562448726953765 ], [ 1.174559450110351, 7.562635884746444 ], [ 1.174424292840999, 7.562830367486499 ], [ 1.174299520872007, 7.563031642121266 ], [ 1.174185476199379, 7.563239156982007 ], [ 1.174082471418445, 7.563452343295889 ], [ 1.173990788866983, 7.563670616744833 ], [ 1.173910679851254, 7.563893379066968 ], [ 1.173842363957076, 7.564120019696307 ], [ 1.173786028447808, 7.564349917436163 ], [ 1.173741827750926, 7.564582442161689 ], [ 1.17370988303457, 7.56481695654693 ], [ 1.173690281875249, 7.56505281781158 ], [ 1.173683078017598, 7.565289379482713 ], [ 1.173688291226852, 7.565525993166685 ], [ 1.173705907234459, 7.565762010326235 ], [ 1.17373587777696, 7.565996784058062 ], [ 1.173778120728052, 7.566229670865878 ], [ 1.173832520323459, 7.566460032424192 ], [ 1.173898927478007, 7.566687237327885 ], [ 1.173977160194032, 7.566910662822847 ], [ 1.17406700406001, 7.56712969651293 ], [ 1.174168212838034, 7.567343738038504 ], [ 1.174280509138539, 7.567552200722025 ], [ 1.174403585180426, 7.567754513176158 ], [ 1.174537103634502, 7.567950120869935 ], [ 1.17468069854792, 7.568138487648792 ], [ 1.174833976347107, 7.56831909720419 ], [ 1.174996516916407, 7.568491454488882 ], [ 1.175167874749499, 7.568655087073897 ], [ 1.175347580170431, 7.568809546443545 ], [ 1.175535140620931, 7.56895440922488 ], [ 1.175730042010451, 7.569089278348243 ], [ 1.175931750125254, 7.569213784135727 ], [ 1.176139712092695, 7.569327585314573 ], [ 1.176353357896648, 7.569430369952657 ], [ 1.176572101939962, 7.569521856313637 ], [ 1.176795344649637, 7.569601793629271 ], [ 1.177022474120328, 7.569669962786876 ], [ 1.177252867791676, 7.569726176930004 ], [ 1.177485894154861, 7.569770281970713 ], [ 1.177720914483692, 7.569802157012008 ], [ 1.177957284585497, 7.569821714679301 ], [ 1.178194356567023, 7.569828901359975 ], [ 1.178431480610464, 7.569823697350409 ], [ 1.178668006754791, 7.56980611691004 ], [ 1.178903286677477, 7.569776208222323 ], [ 1.179136675471729, 7.569734053262705 ], [ 1.179367533414362, 7.569679767573967 ], [ 1.179595227719463, 7.569613499949519 ], [ 1.179819134273039, 7.569535432025596 ], [ 1.180038639343885, 7.569445777783363 ], [ 1.18025314126598, 7.569344782962392 ], [ 1.180462052087818, 7.569232724387078 ], [ 1.180664799184117, 7.569109909207819 ], [ 1.180860826825516, 7.568976674059082 ], [ 1.181049597701936, 7.568833384136631 ], [ 1.181230594395446, 7.568680432196487 ], [ 1.181403320798577, 7.56851823747829 ], [ 1.181567303474205, 7.568347244556135 ], [ 1.181722092953277, 7.568167922119874 ], [ 1.181867264966823, 7.567980761690393 ], [ 1.182002421608854, 7.567786276272257 ], [ 1.182127192427004, 7.567584998947477 ], [ 1.182241235437876, 7.567377481414269 ], [ 1.182344238064348, 7.567164292474735 ], [ 1.182435917992244, 7.566946016475729 ], [ 1.182516023944048, 7.566723251707059 ], [ 1.182584336367514, 7.566496608761513 ], [ 1.182640668037306, 7.566266708861161 ], [ 1.182684864568016, 7.566034182154516 ], [ 1.182716804837146, 7.565799665989242 ], [ 1.182736401316914, 7.56556380316515 ], [ 1.182743600313958, 7.565327240172241 ], [ 1.182738382116293, 7.565090625418649 ], [ 1.182720761047124, 7.564854607453348 ], [ 1.182690785425369, 7.564619833188479 ], [ 1.182648537432979, 7.56438694612616 ], [ 1.182594132889464, 7.564156584594673 ], [ 1.18252772093421, 7.563929379998843 ], [ 1.182449483617478, 7.563705955089404 ], [ 1.182359635401199, 7.563486922256091 ] ] ], [ [ [ 1.209244643398217, 7.569191653005334 ], [ 1.209143415157824, 7.568977615454724 ], [ 1.209031099758279, 7.568769157725399 ], [ 1.208908005063453, 7.568566851179833 ], [ 1.208774468480941, 7.568371250319587 ], [ 1.208630856037093, 7.568182891265512 ], [ 1.208477561373644, 7.568002290288375 ], [ 1.208315004668646, 7.567829942393887 ], [ 1.208143631484712, 7.567666319966013 ], [ 1.20796391154769, 7.567511871472327 ], [ 1.207776337459137, 7.567367020234877 ], [ 1.207581423346109, 7.567232163270032 ], [ 1.207379703451988, 7.567107670200387 ], [ 1.207171730672179, 7.56699388224178 ], [ 1.206958075038719, 7.566891111268168 ], [ 1.206739322157935, 7.566799638956901 ], [ 1.206516071605434, 7.566719716016815 ], [ 1.206288935282825, 7.566651561501146 ], [ 1.206058535740679, 7.56659536220723 ], [ 1.20582550447232, 7.566551272164627 ], [ 1.205590480183115, 7.566519412213008 ], [ 1.205354107040018, 7.566499869671049 ], [ 1.205117032906148, 7.566492698097161 ], [ 1.204879907565257, 7.566497917142781 ], [ 1.204643380940937, 7.566515512498539 ], [ 1.204408101315443, 7.566545435933552 ], [ 1.204174713553029, 7.566587605427643 ], [ 1.203943857332646, 7.56664190539618 ], [ 1.203716165394855, 7.56670818700689 ], [ 1.203492261807747, 7.566786268587813 ], [ 1.203272760256634, 7.566875936125212 ], [ 1.20305826236219, 7.566976943850167 ], [ 1.202849356031639, 7.567089014912166 ], [ 1.202646613847527, 7.567211842137865 ], [ 1.20245059149848, 7.567345088872989 ], [ 1.202261826256252, 7.567488389905005 ], [ 1.202080835503222, 7.567641352464036 ], [ 1.201908115314404, 7.567803557299356 ], [ 1.201744139097823, 7.567974559828415 ], [ 1.201589356297005, 7.568153891355306 ], [ 1.201444191159125, 7.568341060355303 ], [ 1.201309041572193, 7.568535553822008 ], [ 1.20118427797447, 7.568736838673335 ], [ 1.201070242339088, 7.568944363212506 ], [ 1.200967247236677, 7.569157558640141 ], [ 1.200875574978556, 7.569375840613135 ], [ 1.200795476842837, 7.56959861084621 ], [ 1.200727172385573, 7.569825258751645 ], [ 1.200670848838833, 7.570055163112751 ], [ 1.200626660597351, 7.570287693786477 ], [ 1.200594728795172, 7.570522213430489 ], [ 1.200575140973442, 7.570758079250009 ], [ 1.200567950840266, 7.570994644759562 ], [ 1.200573178123284, 7.571231261554893 ], [ 1.20059080851538, 7.571467281090159 ], [ 1.200620793713675, 7.571702056455459 ], [ 1.200663051551691, 7.571934944149962 ], [ 1.200717466224339, 7.572165305845683 ], [ 1.2007838886051, 7.572392510137045 ], [ 1.20086213665455, 7.572615934271562 ], [ 1.200951995919104, 7.57283496585675 ], [ 1.20105322011861, 7.573049004538682 ], [ 1.201165531821185, 7.573257463647571 ], [ 1.201288623203463, 7.573459771805826 ], [ 1.201422156894144, 7.573655374494215 ], [ 1.201565766898559, 7.573843735571852 ], [ 1.201719059601702, 7.574024338745811 ], [ 1.201881614846998, 7.574196688986304 ], [ 1.202052987087826, 7.574360313883663 ], [ 1.20223270660867, 7.574514764943264 ], [ 1.202420280812536, 7.57465961881494 ], [ 1.202615195571102, 7.574794478453462 ], [ 1.202816916633914, 7.574918974206944 ], [ 1.203024891092763, 7.57503276483014 ], [ 1.203238548897215, 7.575135538419906 ], [ 1.203457304417157, 7.575227013270222 ], [ 1.20368055804807, 7.57530693864443 ], [ 1.203907697854613, 7.575375095462638 ], [ 1.204138101248047, 7.575431296902267 ], [ 1.204371136692852, 7.575475388910265 ], [ 1.204606165437902, 7.575507250625418 ], [ 1.204842543267425, 7.575526794709732 ], [ 1.205079622266957, 7.57553396758789 ], [ 1.205316752599435, 7.575528749594176 ], [ 1.205553284286578, 7.575511155026425 ], [ 1.205788568990664, 7.575481232106895 ], [ 1.206021961791795, 7.575439062850109 ], [ 1.206252822955815, 7.575384762838108 ], [ 1.206480519688, 7.575318480903625 ], [ 1.206704427867731, 7.575240398722187 ], [ 1.206923933759377, 7.575150730314091 ], [ 1.207138435694709, 7.575049721457811 ], [ 1.207347345722231, 7.57493764901625 ], [ 1.20755009121889, 7.574814820177864 ], [ 1.207746116459768, 7.5746815716146 ], [ 1.207934884141429, 7.574538268559019 ], [ 1.208115876854765, 7.574385303803168 ], [ 1.208288598503286, 7.574223096621843 ], [ 1.208452575662972, 7.574052091623294 ], [ 1.208607358879966, 7.573872757530494 ], [ 1.208752523902535, 7.573685585896268 ], [ 1.208887672843928, 7.573491089755881 ], [ 1.209012435272961, 7.573289802220722 ], [ 1.209126469229303, 7.573082275016959 ], [ 1.209229462160722, 7.572869076973177 ], [ 1.209321131779683, 7.572650792461134 ], [ 1.209401226836992, 7.572428019793934 ], [ 1.209469527810321, 7.572201369585962 ], [ 1.209525847505773, 7.57197146307914 ], [ 1.209570031570809, 7.571738930440024 ], [ 1.209601958917143, 7.57150440903247 ], [ 1.209621542052446, 7.571268541670602 ], [ 1.209628727319962, 7.57103197485678 ], [ 1.209623495045357, 7.570795357009539 ], [ 1.209605859590437, 7.570559336686265 ], [ 1.209575869313551, 7.570324560805486 ], [ 1.209533606436817, 7.57009167287367 ], [ 1.209479186820532, 7.569861311221421 ], [ 1.209412759645378, 7.569634107253825 ], [ 1.209334507003304, 7.569410683719829 ], [ 1.209244643398217, 7.569191653005334 ] ] ], [ [ [ 1.197201219439051, 7.57211415205908 ], [ 1.197111362316287, 7.571895120173862 ], [ 1.197010140414834, 7.571681081085936 ], [ 1.196897831193504, 7.571472621456936 ], [ 1.196774742499264, 7.571270312654558 ], [ 1.196641211723293, 7.571074709186558 ], [ 1.196497604876064, 7.570886347180947 ], [ 1.196344315584001, 7.570705742916589 ], [ 1.196181764010471, 7.570533391408198 ], [ 1.196010395704055, 7.570369765049653 ], [ 1.195830680377265, 7.570215312319286 ], [ 1.195643110619053, 7.570070456550763 ], [ 1.195448200544638, 7.569935594772852 ], [ 1.195246484386359, 7.569811096621328 ], [ 1.19503851502941, 7.569697303325938 ], [ 1.194824862496471, 7.569594526775244 ], [ 1.194606112385391, 7.56950304866187 ], [ 1.194382864264202, 7.569423119710522 ], [ 1.194155730027868, 7.569354958990883 ], [ 1.193925332221254, 7.56929875331727 ], [ 1.193692302332934, 7.569254656736695 ], [ 1.193457279064501, 7.569222790106717 ], [ 1.193220906580109, 7.569203240764283 ], [ 1.192983832741073, 7.569196062286423 ], [ 1.192746707330331, 7.569201274343447 ], [ 1.192510180271658, 7.569218862645119 ], [ 1.192274899848487, 7.569248778979861 ], [ 1.192041510927243, 7.569290941346913 ], [ 1.191810653190035, 7.569345234181158 ], [ 1.191582959381561, 7.569411508669853 ], [ 1.191359053575014, 7.569489583160525 ], [ 1.191139549461764, 7.569579243658851 ], [ 1.190925048669478, 7.569680244415188 ], [ 1.190716139113293, 7.569792308598098 ], [ 1.190513393384564, 7.569915129053083 ], [ 1.190317367181602, 7.570048369144414 ], [ 1.190128597786686, 7.570191663677754 ], [ 1.189947602593546, 7.570344619901039 ], [ 1.189774877689333, 7.570506818580906 ], [ 1.189610896494961, 7.570677815151677 ], [ 1.189456108467567, 7.570857140933776 ], [ 1.189310937868619, 7.571044304418243 ], [ 1.189175782601066, 7.5712387926138 ], [ 1.18905101311871, 7.57144007245282 ], [ 1.188936971410785, 7.571647592252293 ], [ 1.188833970064542, 7.571860783225842 ], [ 1.188742291408393, 7.572079061042599 ], [ 1.188662186737966, 7.572301827428697 ], [ 1.18859387562721, 7.572528471806992 ], [ 1.188537545326419, 7.572758372970489 ], [ 1.188493350248829, 7.572990900784932 ], [ 1.188461411547219, 7.573225417915864 ], [ 1.188441816781641, 7.573461281575415 ], [ 1.188434619679237, 7.573697845284067 ], [ 1.188439839986752, 7.573934460642543 ], [ 1.188457463416199, 7.574170479108957 ], [ 1.188487441683796, 7.574405253776375 ], [ 1.188529692642077, 7.574638141145917 ], [ 1.188584100504825, 7.574868502890507 ], [ 1.188650516164211, 7.57509570760447 ], [ 1.188728757599258, 7.575319132534181 ], [ 1.188818610374536, 7.575538165285002 ], [ 1.188919828227708, 7.575752205499837 ], [ 1.189032133744316, 7.575960666504709 ], [ 1.189155219117982, 7.576162976916847 ], [ 1.189288746993909, 7.576358582210851 ], [ 1.189432351393397, 7.576546946238714 ], [ 1.18958563871684, 7.576727552699412 ], [ 1.189748188822439, 7.576899906554164 ], [ 1.189919556177696, 7.577063535383386 ], [ 1.190099271080522, 7.577217990681677 ], [ 1.190286840946608, 7.577362849087235 ], [ 1.190481751659553, 7.577497713542406 ], [ 1.190683468980024, 7.577622214382075 ], [ 1.190891440010092, 7.577736010347045 ], [ 1.191105094708748, 7.577838789519507 ], [ 1.191323847454413, 7.577930270178112 ], [ 1.191547098650189, 7.578010201570271 ], [ 1.191774236367429, 7.578078364599552 ], [ 1.192004638023129, 7.578134572426337 ], [ 1.192237672086543, 7.578178670980024 ], [ 1.192472699810338, 7.578210539381434 ], [ 1.192709076981541, 7.578230090274213 ], [ 1.192946155687492, 7.578237270064347 ], [ 1.193183286091926, 7.578232059067147 ], [ 1.19341981821636, 7.578214471561236 ], [ 1.193655103721857, 7.578184555749477 ], [ 1.193888497686309, 7.578142393626891 ], [ 1.194119360372353, 7.578088100755929 ], [ 1.194347058981072, 7.57802182594973 ], [ 1.194570969386678, 7.577943750864248 ], [ 1.194790477847415, 7.577854089500314 ], [ 1.195004982687981, 7.577753087617069 ], [ 1.195213895948889, 7.577641022058286 ], [ 1.195416644998191, 7.577518199993545 ], [ 1.195612674101198, 7.577384958076206 ], [ 1.195801445943855, 7.577241661520616 ], [ 1.195982443105615, 7.577088703100992 ], [ 1.196155169477759, 7.576926502074764 ], [ 1.196319151623289, 7.576755503033317 ], [ 1.196473940074648, 7.576576174683293 ], [ 1.196619110565721, 7.576389008561788 ], [ 1.196754265194743, 7.576194517688975 ], [ 1.196879033514908, 7.575993235161811 ], [ 1.196993073549713, 7.575785712692756 ], [ 1.19709607273024, 7.575572519097439 ], [ 1.197187748751805, 7.575354238735449 ], [ 1.197267850347644, 7.575131469908543 ], [ 1.197336157977493, 7.574904823220605 ], [ 1.197392484429198, 7.574674919903935 ], [ 1.197436675331694, 7.57444239011638 ], [ 1.197468609577944, 7.57420787121402 ], [ 1.197488199656709, 7.57397200600412 ], [ 1.197495391892199, 7.573735440983195 ], [ 1.197490166590991, 7.573498824564895 ], [ 1.197472538095784, 7.57326280530272 ], [ 1.197442554745862, 7.573028030112322 ], [ 1.197400298744373, 7.572795142498304 ], [ 1.197345885932787, 7.572564780790436 ], [ 1.197279465473157, 7.57233757639398 ], [ 1.197201219439051, 7.57211415205908 ] ] ], [ [ [ 1.167474052673321, 7.581681380401254 ], [ 1.167372845926039, 7.581467337442089 ], [ 1.167260551376496, 7.58125887303448 ], [ 1.167137476831529, 7.581056558559252 ], [ 1.167003959643617, 7.580860948539737 ], [ 1.166860365786077, 7.58067257912192 ], [ 1.166707088849814, 7.580491966604993 ], [ 1.166544548964414, 7.580319606026285 ], [ 1.166373191646503, 7.580155969804538 ], [ 1.166193486578556, 7.580001506445092 ], [ 1.166005926321485, 7.579856639310727 ], [ 1.165811024964536, 7.579721765461329 ], [ 1.165609316716223, 7.579597254565723 ], [ 1.165401354440122, 7.579483447888539 ], [ 1.165187708139557, 7.579380657354963 ], [ 1.164968963395342, 7.579289164695887 ], [ 1.164745719760843, 7.579209220675821 ], [ 1.164518589118755, 7.579141044405681 ], [ 1.164288194004112, 7.579084822742329 ], [ 1.164055165898128, 7.579040709776529 ], [ 1.163820143497513, 7.579008826410671 ], [ 1.163583770964042, 7.578989260027504 ], [ 1.163346696159149, 7.578982064250667 ], [ 1.163109568868401, 7.578987258797814 ], [ 1.162873039020693, 7.579004829426629 ], [ 1.162637754907067, 7.579034727973882 ], [ 1.162404361404015, 7.579076872487509 ], [ 1.162173498206154, 7.579131147451252 ], [ 1.161945798073086, 7.579197404101275 ], [ 1.161721885095276, 7.579275460833949 ], [ 1.161502372983676, 7.579365103703566 ], [ 1.161287863387802, 7.579466087008757 ], [ 1.16107894424684, 7.579578133965868 ], [ 1.160876188178334, 7.579700937467593 ], [ 1.16068015090885, 7.579834160924637 ], [ 1.160491369750916, 7.579977439188241 ], [ 1.160310362130416, 7.580130379550928 ], [ 1.160137624168479, 7.580292562822803 ], [ 1.159973629321726, 7.580463544480432 ], [ 1.159818827084635, 7.58064285588513 ], [ 1.159673641757543, 7.580830005567364 ], [ 1.159538471283697, 7.581024480573733 ], [ 1.15941368615851, 7.581225747872783 ], [ 1.15929962841403, 7.581433255815933 ], [ 1.159196610681411, 7.581646435649355 ], [ 1.159104915333928, 7.581864703072771 ], [ 1.159024793712921, 7.582087459840874 ], [ 1.158956465438769, 7.582314095402946 ], [ 1.158900117808782, 7.582543988576231 ], [ 1.158855905283685, 7.582776509248453 ], [ 1.158823949064069, 7.583011020104806 ], [ 1.158804336758011, 7.583246878374698 ], [ 1.158797122140737, 7.583483437593473 ], [ 1.158802325007023, 7.583720049374236 ], [ 1.158819931116718, 7.583956065184981 ], [ 1.158849892233547, 7.584190838126143 ], [ 1.158892126257102, 7.584423724703636 ], [ 1.158946517447638, 7.584654086592626 ], [ 1.159012916743078, 7.584881292387112 ], [ 1.159091142167367, 7.585104719330571 ], [ 1.159180979329031, 7.585323755022896 ], [ 1.159282182008602, 7.585537799098977 ], [ 1.159394472833296, 7.585746264874298 ], [ 1.159517544037085, 7.585948580953036 ], [ 1.159651058304094, 7.586144192794294 ], [ 1.159794649693011, 7.586332564232137 ], [ 1.159947924639976, 7.586513178945236 ], [ 1.160110463037201, 7.58668554187219 ], [ 1.16028181938436, 7.586849180568549 ], [ 1.160461524009617, 7.587003646501842 ], [ 1.160649084356911, 7.587148516281101 ], [ 1.160843986336005, 7.587283392817454 ], [ 1.161045695731569, 7.587407906412645 ], [ 1.16125365966746, 7.587521715772463 ], [ 1.161467308122166, 7.587624508942326 ], [ 1.161686055491272, 7.587716004162469 ], [ 1.161909302192655, 7.587795950640312 ], [ 1.16213643631002, 7.58786412923802 ], [ 1.162366835270251, 7.58792035307322 ], [ 1.162502279101471, 7.587945993738054 ], [ 1.162409372683853, 7.588065752316187 ], [ 1.162274200190852, 7.588260227865029 ], [ 1.162149413251417, 7.588461495691005 ], [ 1.162035353902586, 7.588669004144085 ], [ 1.161932334779924, 7.588882184469045 ], [ 1.161840638260537, 7.589100452364271 ], [ 1.161760515688996, 7.589323209583148 ], [ 1.161692186688304, 7.589549845573743 ], [ 1.161635838557786, 7.589779739152112 ], [ 1.161591625759557, 7.590012260204871 ], [ 1.161559669494979, 7.590246771416164 ], [ 1.161540057372274, 7.590482630014431 ], [ 1.161532843166186, 7.590719189534099 ], [ 1.161538046670386, 7.590955801587438 ], [ 1.161555653642991, 7.591191817641706 ], [ 1.161585615845382, 7.591426590796647 ], [ 1.161627851174192, 7.591659477557585 ], [ 1.161682243886114, 7.59188983959917 ], [ 1.161748644914917, 7.592117045514973 ], [ 1.161826872279807, 7.592340472548126 ], [ 1.161916711584002, 7.592559508298266 ], [ 1.162017916602173, 7.592773552400111 ], [ 1.162130209955129, 7.592982018169061 ], [ 1.162253283869919, 7.593184334209309 ], [ 1.16238680102324, 7.593379945980041 ], [ 1.162530395465871, 7.5935683173155 ], [ 1.162683673625578, 7.593748931894637 ], [ 1.162846215385762, 7.593921294656404 ], [ 1.163017575236877, 7.594084933156789 ], [ 1.163197283497472, 7.594239398863851 ], [ 1.163384847601512, 7.594384268387241 ], [ 1.163579753448452, 7.594519144638774 ], [ 1.163781466812344, 7.594643657920964 ], [ 1.163989434806155, 7.594757466940462 ], [ 1.164203087397233, 7.594860259743609 ], [ 1.164421838969807, 7.594951754571642 ], [ 1.164645089930214, 7.59503170063306 ], [ 1.164872228350463, 7.595099878791163 ], [ 1.165102631645627, 7.595156102164786 ], [ 1.165335668280458, 7.595200216640645 ], [ 1.16557069950056, 7.595232101295837 ], [ 1.165807081083353, 7.595251668729383 ], [ 1.166044165104048, 7.595258865301865 ], [ 1.166281301711775, 7.59525367128251 ], [ 1.166517840910996, 7.595236100903339 ], [ 1.166753134343329, 7.595206202320206 ], [ 1.166986537064872, 7.595164057480841 ], [ 1.167217409314191, 7.595109781900262 ], [ 1.167445118266083, 7.595043524344166 ], [ 1.167669039766331, 7.594965466421173 ], [ 1.167888560042685, 7.594875822085035 ], [ 1.168103077387375, 7.594774837048177 ], [ 1.168312003806551, 7.594662788108175 ], [ 1.168514766632115, 7.594539982389027 ], [ 1.168710810091527, 7.59440675649929 ], [ 1.168899596831299, 7.594263475609366 ], [ 1.169080609389966, 7.59411053245054 ], [ 1.169253351616528, 7.593948346238424 ], [ 1.169417350030452, 7.593777361523807 ], [ 1.16957215511952, 7.593598046974098 ], [ 1.169717342571949, 7.593410894088596 ], [ 1.16985251443942, 7.593216415851231 ], [ 1.169977300227826, 7.59301514532438 ], [ 1.170091357912738, 7.592807634187662 ], [ 1.170194374876824, 7.592594451225701 ], [ 1.170286068766626, 7.592376180769005 ], [ 1.170366188266385, 7.592153421092246 ], [ 1.170434513786752, 7.591926782774297 ], [ 1.170490858066533, 7.591696887024591 ], [ 1.170535066685804, 7.59146436398031 ], [ 1.170567018488985, 7.59122985097912 ], [ 1.170586625916737, 7.590993990812204 ], [ 1.170593835245755, 7.590757429962312 ], [ 1.170588626735801, 7.590520816831744 ], [ 1.170571014683603, 7.590284799965056 ], [ 1.170541047383431, 7.590050026271402 ], [ 1.170498806994506, 7.589817139251359 ], [ 1.170444409315576, 7.58958677723311 ], [ 1.170378003467289, 7.589359571622833 ], [ 1.170299771483243, 7.589136145174055 ], [ 1.17020992781083, 7.588917110280726 ], [ 1.170108718723237, 7.588703067298745 ], [ 1.16999642164424, 7.588494602900444 ], [ 1.169873344387614, 7.588292288466616 ], [ 1.169739824313275, 7.588096678520464 ], [ 1.169596227402448, 7.587908309207762 ], [ 1.169442947254409, 7.5877276968274 ], [ 1.169280404007541, 7.587555336416327 ], [ 1.16910904318768, 7.587391700392804 ], [ 1.168929334486889, 7.58723723726164 ], [ 1.168741770476026, 7.587092370384956 ], [ 1.168546865254618, 7.586957496821943 ], [ 1.168345153041755, 7.586832986240625 ], [ 1.168137186711861, 7.586719179904768 ], [ 1.167923536279359, 7.586616389738624 ], [ 1.16770478733637, 7.586524897472063 ], [ 1.167481539447745, 7.586444953868521 ], [ 1.167254404507821, 7.586376778037777 ], [ 1.167024005063394, 7.58632055683549 ], [ 1.166888561111193, 7.586294917636167 ], [ 1.16698146602069, 7.586175157703238 ], [ 1.167116635872391, 7.585980680009919 ], [ 1.167241419850327, 7.585779410011281 ], [ 1.167355475935016, 7.585571899385497 ], [ 1.167458491513495, 7.585358716915785 ], [ 1.167550184236086, 7.585140446931303 ], [ 1.167630302790209, 7.584917687705422 ], [ 1.167698627589086, 7.584691049815789 ], [ 1.167754971373482, 7.584461154470652 ], [ 1.167799179724809, 7.584228631806092 ], [ 1.1678311314882, 7.583994119158735 ], [ 1.167850739104405, 7.583758259318802 ], [ 1.167857948849578, 7.58352169876815 ], [ 1.167852740982324, 7.583285085908266 ], [ 1.167835129797586, 7.583049069282979 ], [ 1.167805163587241, 7.582814295800776 ], [ 1.167762924507504, 7.582581408961673 ], [ 1.167708528353518, 7.582351047093367 ], [ 1.167642124241737, 7.582123841601635 ], [ 1.167563894200986, 7.581900415239687 ], [ 1.167474052673321, 7.581681380401254 ] ] ], [ [ [ 1.178499836089558, 7.581765339282661 ], [ 1.178398623266196, 7.581551297586738 ], [ 1.178286322713054, 7.58134283475674 ], [ 1.178163242253395, 7.581140522169156 ], [ 1.178029719255886, 7.580944914342131 ], [ 1.177886119709739, 7.580756547415628 ], [ 1.177732837221423, 7.580575937681997 ], [ 1.177570291935709, 7.580403580170947 ], [ 1.177398929383999, 7.580239947292796 ], [ 1.177219219263081, 7.580085487543728 ], [ 1.177031654147684, 7.579940624276629 ], [ 1.176836748140345, 7.579805754540793 ], [ 1.176635035462296, 7.579681247993777 ], [ 1.176427068989222, 7.579567445888312 ], [ 1.176213418735931, 7.579464660137066 ], [ 1.175994670294045, 7.579373172457832 ], [ 1.175771423227042, 7.579293233601502 ], [ 1.175544289427004, 7.57922506266486 ], [ 1.175313891437609, 7.579168846490176 ], [ 1.175080860747932, 7.579124739153188 ], [ 1.174845836061753, 7.579092861540897 ], [ 1.174609461547105, 7.579073301020296 ], [ 1.174372385070847, 7.579066111198994 ], [ 1.174135256423121, 7.579071311778352 ], [ 1.173898725536548, 7.57908888849954 ], [ 1.173663440705017, 7.57911879318267 ], [ 1.173430046806997, 7.579160943858883 ], [ 1.173199183538196, 7.579215224995059 ], [ 1.172971483658425, 7.57928148781047 ], [ 1.172747571257469, 7.579359550684614 ], [ 1.172528060044721, 7.579449199654978 ], [ 1.172313551667251, 7.579550189003477 ], [ 1.172104634060928, 7.579662241929932 ], [ 1.171901879839118, 7.579785051310679 ], [ 1.171705844723348, 7.579918280540325 ], [ 1.171517066020275, 7.580061564454303 ], [ 1.171336061149082, 7.580214510329653 ], [ 1.171163326223389, 7.580376698961379 ], [ 1.170999334691529, 7.580547685811354 ], [ 1.170844536038923, 7.580727002226662 ], [ 1.170699354556114, 7.580914156724038 ], [ 1.17056418817584, 7.58110863633686 ], [ 1.170439407382323, 7.581309908021057 ], [ 1.170325354195768, 7.581517420116005 ], [ 1.170222341234857, 7.581730603856478 ], [ 1.170130650859814, 7.581948874931478 ], [ 1.17005053439837, 7.582171635085663 ], [ 1.169982211456782, 7.582398273759014 ], [ 1.169925869317763, 7.582628169760222 ], [ 1.169881662426998, 7.582860692969236 ], [ 1.16984971196965, 7.583095206064265 ], [ 1.169830105538007, 7.583331066268559 ], [ 1.169822896891203, 7.583567627112119 ], [ 1.169828105807649, 7.583804240203574 ], [ 1.169845718030612, 7.5840402570073 ], [ 1.169875685307056, 7.584275030620972 ], [ 1.169917925519682, 7.584507917548639 ], [ 1.16997232291177, 7.584738279464476 ], [ 1.170038728404236, 7.584965484962383 ], [ 1.17011696000402, 7.585188911286623 ], [ 1.170206803302703, 7.585407946038761 ], [ 1.170308012063978, 7.585621988856251 ], [ 1.170420308898365, 7.585830453057993 ], [ 1.170543386023339, 7.586032767252479 ], [ 1.17067690610677, 7.586228376903954 ], [ 1.170820503191377, 7.586416745852468 ], [ 1.170973783697657, 7.586597357783514 ], [ 1.171136327502554, 7.58676971764331 ], [ 1.171307689090893, 7.586933352995807 ], [ 1.171487398776439, 7.587087815317703 ], [ 1.171674963989231, 7.587232681227937 ], [ 1.171869870625668, 7.587367553648246 ], [ 1.172071584457627, 7.587492062891663 ], [ 1.172279552596775, 7.587605867675921 ], [ 1.172493205010054, 7.587708656058997 ], [ 1.172711956082176, 7.587800146294256 ], [ 1.172935206220847, 7.587880087602813 ], [ 1.173162343500328, 7.587948260861014 ], [ 1.173392745338822, 7.588004479201158 ], [ 1.173625780205082, 7.588048588523769 ], [ 1.173860809349567, 7.588080467920102 ], [ 1.174097188555399, 7.588100030003616 ], [ 1.174334269904324, 7.588107221149575 ], [ 1.174571403552808, 7.588102021642105 ], [ 1.174807939513447, 7.588084445728295 ], [ 1.175043229436755, 7.588054541579185 ], [ 1.175276628388478, 7.588012391157781 ], [ 1.175507496617539, 7.58795810999442 ], [ 1.175735201309781, 7.587891846870116 ], [ 1.175959118322691, 7.587813783408768 ], [ 1.176178633896349, 7.587724133579318 ], [ 1.176393146335907, 7.58762314310925 ], [ 1.176602067660986, 7.587511088811051 ], [ 1.176804825217481, 7.587388277823406 ], [ 1.177000863247326, 7.587255046769307 ], [ 1.177189644411941, 7.587111760833321 ], [ 1.177370651265171, 7.586958812760555 ], [ 1.177543387671679, 7.586796621780083 ], [ 1.177707380166911, 7.586625632455765 ], [ 1.17786217925489, 7.586446313467622 ], [ 1.178007360640303, 7.586259156327113 ], [ 1.178142526391478, 7.586064674029817 ], [ 1.178267306031087, 7.585863399649219 ], [ 1.178381357551567, 7.58565588487548 ], [ 1.178484368352489, 7.58544269850318 ], [ 1.178576056097296, 7.58522442487215 ], [ 1.178656169487073, 7.585001662265736 ], [ 1.178724488949217, 7.584775021270826 ], [ 1.178780827239138, 7.584545123104159 ], [ 1.17882502995332, 7.584312597909521 ], [ 1.178856975952361, 7.584078083030452 ], [ 1.178876577692819, 7.583842221263251 ], [ 1.178883781466958, 7.583605659095031 ], [ 1.178878567549752, 7.583369044931693 ], [ 1.178860950252725, 7.583133027320583 ], [ 1.178830977884505, 7.582898253172892 ], [ 1.178788732618175, 7.582665365990415 ], [ 1.178734330265827, 7.582435004101764 ], [ 1.178667919960891, 7.582207798912745 ], [ 1.178589683749151, 7.581984373175714 ], [ 1.178499836089558, 7.581765339282661 ] ] ], [ [ [ 1.186468315843651, 7.597045291198889 ], [ 1.18636709685737, 7.596831249720873 ], [ 1.186254789757316, 7.596622787239858 ], [ 1.186131702384708, 7.596420475131356 ], [ 1.185998172127159, 7.596224867912165 ], [ 1.185854564993773, 7.596036501720557 ], [ 1.185701274611809, 7.595855892846841 ], [ 1.18553872114766, 7.595683536318347 ], [ 1.185367350155122, 7.595519904542677 ], [ 1.185187631354098, 7.595365446012981 ], [ 1.185000057343081, 7.595220584078771 ], [ 1.184805142248958, 7.595085715785684 ], [ 1.184603420317832, 7.594961210787313 ], [ 1.184395444450713, 7.594847410332126 ], [ 1.184181784688115, 7.594744626328268 ], [ 1.183963026647682, 7.594653140488747 ], [ 1.183739769919155, 7.594573203559399 ], [ 1.183512626421054, 7.594505034631739 ], [ 1.183282218723589, 7.59444882054253 ], [ 1.183049178342396, 7.594404715361814 ], [ 1.182814144007774, 7.594372839970688 ], [ 1.182577759914152, 7.594353281730072 ], [ 1.182340673954602, 7.594346094241346 ], [ 1.182103535945216, 7.594351297199497 ], [ 1.181866995844229, 7.594368876339194 ], [ 1.181631701970751, 7.594398783473951 ], [ 1.181398299227999, 7.59444093662821 ], [ 1.181167427335892, 7.594495220262087 ], [ 1.180939719077846, 7.594561485588038 ], [ 1.180715798566588, 7.594639550978704 ], [ 1.180496279533721, 7.594729202464708 ], [ 1.180281763647734, 7.5948301943211 ], [ 1.180072838865067, 7.594942249740853 ], [ 1.179870077818748, 7.595065061593502 ], [ 1.179674036249013, 7.595198293266906 ], [ 1.179485251480211, 7.595341579589822 ], [ 1.179304240948159, 7.595494527832717 ], [ 1.179131500782012, 7.595656718784128 ], [ 1.178967504444481, 7.595827707899592 ], [ 1.178812701434183, 7.596007026520003 ], [ 1.178667516053635, 7.596194183156067 ], [ 1.178532346246289, 7.596388664835316 ], [ 1.178407562505795, 7.596589938508025 ], [ 1.178293506860473, 7.596797452508131 ], [ 1.178190491935787, 7.597010638065189 ], [ 1.178098800097385, 7.597228910863228 ], [ 1.178018682677057, 7.597451672642173 ], [ 1.17795035928373, 7.597678312837562 ], [ 1.177894017201406, 7.597908210253897 ], [ 1.177849810875661, 7.598140734767245 ], [ 1.177817861490156, 7.598375249052221 ], [ 1.177798256634288, 7.5986111103288 ], [ 1.177791050062917, 7.598847672124029 ], [ 1.177796261548811, 7.599084286043908 ], [ 1.17781387682823, 7.59932030355052 ], [ 1.177843847639806, 7.599555077739586 ], [ 1.177886091856582, 7.599787965113553 ], [ 1.177940493710896, 7.600018327345349 ], [ 1.178006904111461, 7.600245533027976 ], [ 1.17808514105179, 7.600468959405164 ], [ 1.178153552455246, 7.600635733228441 ], [ 1.178108512914512, 7.600607933560209 ], [ 1.177900537133942, 7.600494129781143 ], [ 1.177686877204075, 7.6003913423088 ], [ 1.177468118743017, 7.600299852865683 ], [ 1.177244861341665, 7.600219912207486 ], [ 1.17701771692038, 7.600151739435924 ], [ 1.176787308051903, 7.600095521398286 ], [ 1.176554266255073, 7.600051412175408 ], [ 1.176319230264061, 7.60001953265945 ], [ 1.176082844277826, 7.599999970222621 ], [ 1.175845756194615, 7.599992778477781 ], [ 1.175608615836327, 7.599997977131568 ], [ 1.17537207316762, 7.600015551930434 ], [ 1.175136776514622, 7.600045454699764 ], [ 1.17490337078815, 7.600087603475961 ], [ 1.17467249571628, 7.600141882731121 ], [ 1.174444784091123, 7.600208143689695 ], [ 1.174220860034611, 7.600286204736278 ], [ 1.174001337288041, 7.600375851913395 ], [ 1.173786817530058, 7.600476839507898 ], [ 1.173577888727692, 7.600588890724439 ], [ 1.173375123524963, 7.600711698444063 ], [ 1.173179077673479, 7.600844926065958 ], [ 1.172990288509298, 7.600988208429991 ], [ 1.172809273480269, 7.60114115281748 ], [ 1.172636528727849, 7.601303340027533 ], [ 1.172472527727302, 7.601474325525946 ], [ 1.172317719990008, 7.601653640663541 ], [ 1.172172529831425, 7.601840793960575 ], [ 1.172037355208088, 7.602035272453747 ], [ 1.171912566626835, 7.602236543102073 ], [ 1.171798506129246, 7.602444054247799 ], [ 1.171695486354078, 7.60265723712832 ], [ 1.171603789680268, 7.602875507435011 ], [ 1.171523667452858, 7.603098266914658 ], [ 1.171455339293954, 7.603324905009099 ], [ 1.171398992500618, 7.60355480052863 ], [ 1.171354781531347, 7.60378732335452 ], [ 1.171349989950715, 7.603822489212886 ], [ 1.171295864446442, 7.603835213557325 ], [ 1.171068150642891, 7.603901472145744 ], [ 1.170844224316953, 7.603979530835443 ], [ 1.17062469921613, 7.60406917567539 ], [ 1.170410177025508, 7.604170160958851 ], [ 1.170201245718768, 7.604282209896799 ], [ 1.169998477946785, 7.604405015376532 ], [ 1.169802429468194, 7.604538240803379 ], [ 1.169613637626241, 7.604681521023216 ], [ 1.169432619876103, 7.604834463323246 ], [ 1.169259872366684, 7.604996648508302 ], [ 1.169095868580797, 7.605167632049735 ], [ 1.168941058037447, 7.605346945303735 ], [ 1.168795865059773, 7.605534096795727 ], [ 1.168660687612031, 7.605728573567363 ], [ 1.168535896208797, 7.605929842582391 ], [ 1.168421832899382, 7.606137352187537 ], [ 1.168318810330245, 7.60635053362443 ], [ 1.168227110887984, 7.606568802588409 ], [ 1.168146985925225, 7.606791560829954 ], [ 1.168078655071576, 7.607018197794305 ], [ 1.168022305631488, 7.607248092294863 ], [ 1.167978092070719, 7.607480614215707 ], [ 1.167946135592771, 7.607715126238596 ], [ 1.1679265238065, 7.60795098558973 ], [ 1.167919310485782, 7.608187545801463 ], [ 1.167924515421906, 7.608424158484159 ], [ 1.167942124369116, 7.608660175103324 ], [ 1.167972089083425, 7.608894948757131 ], [ 1.168014327454622, 7.609127835949518 ], [ 1.168068723731101, 7.609358198353932 ], [ 1.168135128836897, 7.609585404562923 ], [ 1.168213360780072, 7.609808831818787 ], [ 1.168303205151321, 7.610027867720524 ], [ 1.168404415711451, 7.610241911902413 ], [ 1.168516715066098, 7.610450377679599 ], [ 1.168639795425872, 7.610652693656227 ], [ 1.168773319449813, 7.610848305291626 ], [ 1.16891692116987, 7.611036676420389 ], [ 1.169070206993857, 7.611217290721999 ], [ 1.169232756784161, 7.611389653136148 ], [ 1.169404125009209, 7.611553291219752 ], [ 1.16958384196458, 7.611707756441992 ], [ 1.169771415060383, 7.611852625413812 ], [ 1.169966330171397, 7.611987501048538 ], [ 1.170168053046252, 7.612112013650361 ], [ 1.170376030771807, 7.612225821927769 ], [ 1.170589693288695, 7.612328613929138 ], [ 1.170808454953897, 7.61242010789789 ], [ 1.17103171614604, 7.612500053044878 ], [ 1.17125886490904, 7.612568230235898 ], [ 1.171489278629571, 7.61262445259245 ], [ 1.171722325743761, 7.612668566004035 ], [ 1.171957367468438, 7.612700449550678 ], [ 1.172193759552179, 7.612720015834449 ], [ 1.172430854041362, 7.612727211219089 ], [ 1.172668001056375, 7.612722015977102 ], [ 1.172904550573107, 7.612704444343875 ], [ 1.173139854204849, 7.612674544478724 ], [ 1.173373266979703, 7.612632398332912 ], [ 1.173604149108639, 7.612578121425066 ], [ 1.173831867739341, 7.612511862524543 ], [ 1.174055798691029, 7.612433803243674 ], [ 1.174275328165521, 7.612344157539962 ], [ 1.174489854429815, 7.612243171129609 ], [ 1.174698789465595, 7.612131120813988 ], [ 1.17490156058113, 7.612008313720892 ], [ 1.175097611981154, 7.611875086462675 ], [ 1.175286406290411, 7.61173180421352 ], [ 1.175467426026694, 7.611578859708454 ], [ 1.175640175019336, 7.61141667216681 ], [ 1.175804179769277, 7.611245686143056 ], [ 1.175958990746947, 7.611066370308199 ], [ 1.176104183624448, 7.610879216165086 ], [ 1.176239360438623, 7.610684736701112 ], [ 1.176364150681836, 7.610483464982028 ], [ 1.176478212317487, 7.610275952690737 ], [ 1.176581232717455, 7.610062768615035 ], [ 1.176672929518908, 7.609844497088499 ], [ 1.17675305139815, 7.609621736388724 ], [ 1.176821378759362, 7.6093950970974 ], [ 1.176877724336353, 7.609165200426621 ], [ 1.176921933705692, 7.608932676516091 ], [ 1.176926725002942, 7.608897510509622 ], [ 1.176980851179518, 7.608884785576096 ], [ 1.177208567628524, 7.608818524304186 ], [ 1.177432496307441, 7.60874046266543 ], [ 1.177652023424326, 7.608650814623802 ], [ 1.177866547252655, 7.608549825901908 ], [ 1.178075479780802, 7.608437773307459 ], [ 1.178278248323922, 7.608314963974499 ], [ 1.178474297093816, 7.608181734521521 ], [ 1.178663088722446, 7.608038450128713 ], [ 1.178844105734965, 7.607885503536995 ], [ 1.179016851968183, 7.607723313971402 ], [ 1.179180853930613, 7.607552325991942 ], [ 1.179335662100333, 7.607373008274984 ], [ 1.179480852157153, 7.607185852328528 ], [ 1.179616026145649, 7.606991371144905 ], [ 1.179740813565939, 7.606790097794566 ], [ 1.179854872389162, 7.606582583964883 ], [ 1.179957889994909, 7.606369398447859 ], [ 1.180049584028008, 7.606151125581007 ], [ 1.180129703172351, 7.605928363645594 ], [ 1.180198027839612, 7.605701723226679 ], [ 1.180254370770982, 7.60547182553944 ], [ 1.180298577550275, 7.605239300726354 ], [ 1.180330527027005, 7.605004786129923 ], [ 1.180350131648249, 7.604768924545676 ], [ 1.18035733769844, 7.604532362460223 ], [ 1.180352125446365, 7.604295748279234 ], [ 1.180334509199044, 7.604059730550108 ], [ 1.180304537262284, 7.603824956184338 ], [ 1.180262291808041, 7.603592068684317 ], [ 1.180207888648974, 7.603361706379509 ], [ 1.180141476920775, 7.603134500676845 ], [ 1.180063238673176, 7.60291107433007 ], [ 1.179994826308924, 7.602744300564414 ], [ 1.180039866207888, 7.602772100115719 ], [ 1.180247843751045, 7.602885903251053 ], [ 1.180461505684153, 7.602988689887348 ], [ 1.180680266365787, 7.603080178282758 ], [ 1.180903526177268, 7.603160117663437 ], [ 1.181130673166298, 7.603228288911023 ], [ 1.18136108472442, 7.603284505163322 ], [ 1.1815941292937, 7.603328612326604 ], [ 1.181829168097954, 7.603360489498049 ], [ 1.18206555689378, 7.603380049297233 ], [ 1.182302647736591, 7.60338723810569 ], [ 1.182539790756791, 7.603382036213983 ], [ 1.182776335941247, 7.603364457875752 ], [ 1.183011634915152, 7.60333455126871 ], [ 1.183245042719409, 7.603292398362629 ], [ 1.183475919578644, 7.603238114694678 ], [ 1.183703632655019, 7.603171849052763 ], [ 1.183927557783016, 7.603093783067719 ], [ 1.184147081180452, 7.603004130715424 ], [ 1.184361601131017, 7.602903137730323 ], [ 1.184570529633741, 7.60279108093181 ], [ 1.184773294014834, 7.602668267465461 ], [ 1.184969338497527, 7.602535033961091 ], [ 1.185158125725557, 7.602391745610002 ], [ 1.18533913823616, 7.602238795163947 ], [ 1.185511879878506, 7.602076601858537 ], [ 1.185675877173709, 7.601905610264017 ], [ 1.185830680612659, 7.601726289066657 ], [ 1.185975865888145, 7.601539129783988 ], [ 1.186111035057864, 7.601344645417465 ], [ 1.186235817635152, 7.601143369046265 ], [ 1.186349871604435, 7.600935852366015 ], [ 1.18645288435861, 7.600722664176519 ], [ 1.186544573555811, 7.600504388822594 ], [ 1.186624687893188, 7.600281624592313 ], [ 1.186693007795584, 7.600054982077004 ], [ 1.186749346017252, 7.599825082497571 ], [ 1.186793548154911, 7.599592556001662 ], [ 1.186825493070785, 7.599358039936368 ], [ 1.186845093224447, 7.599122177101223 ], [ 1.186852294912557, 7.598885613986259 ], [ 1.186847078415849, 7.59864899899994 ], [ 1.18682945805296, 7.598412980691857 ], [ 1.186799482140957, 7.598178205975079 ], [ 1.186757232862676, 7.597945318352932 ], [ 1.186702826041235, 7.597714956155214 ], [ 1.186636410822341, 7.597487750788546 ], [ 1.186558169265273, 7.597264325005741 ], [ 1.186468315843651, 7.597045291198889 ] ] ], [ [ [ 1.177745283402536, 7.616564011517524 ], [ 1.177550363294304, 7.616429138343582 ], [ 1.177348635743791, 7.616304628219758 ], [ 1.177140653667403, 7.616190822408552 ], [ 1.176926987122655, 7.616088032832748 ], [ 1.176708221745763, 7.615996541220587 ], [ 1.17648495714655, 7.615916598333704 ], [ 1.176257805265075, 7.615848423279899 ], [ 1.176027388694488, 7.615792202912705 ], [ 1.175794338974708, 7.615748091319333 ], [ 1.175559294861578, 7.615716209398434 ], [ 1.175322900576281, 7.61569664452879 ], [ 1.175085804039766, 7.615689450329941 ], [ 1.174848655097061, 7.615694646515231 ], [ 1.17461210373631, 7.61571221883789 ], [ 1.174376798307422, 7.615742119130084 ], [ 1.174143383745225, 7.615784265435016 ], [ 1.173912499801971, 7.615838542231545 ], [ 1.173684779294049, 7.615904800750886 ], [ 1.1734608463677, 7.615982859384323 ], [ 1.173241314788496, 7.616072504181001 ], [ 1.173026786259259, 7.616173489434318 ], [ 1.172817848771031, 7.616285538355349 ], [ 1.172615074991617, 7.616408343831456 ], [ 1.172419020696106, 7.616541569267992 ], [ 1.172230223243686, 7.61668484951083 ], [ 1.172049200104907, 7.616837791847117 ], [ 1.171876447443445, 7.616999977081611 ], [ 1.171712438756238, 7.617170960685547 ], [ 1.171557623575736, 7.617350274014949 ], [ 1.171412426237798, 7.617537425595054 ], [ 1.171277244718649, 7.617731902467294 ], [ 1.17115244954404, 7.617933171595147 ], [ 1.171038382773639, 7.618140681325038 ], [ 1.170935357063418, 7.618353862898267 ], [ 1.170843654808607, 7.618572132009811 ], [ 1.170763527369574, 7.618794890409743 ], [ 1.170695194382739, 7.61902152754288 ], [ 1.170638843158436, 7.619251422222162 ], [ 1.170594628167343, 7.619483944331179 ], [ 1.170562670616917, 7.619718456551174 ], [ 1.170543058118988, 7.619954316107808 ], [ 1.170535844449414, 7.620190876532863 ], [ 1.170541049400477, 7.620427489436107 ], [ 1.170558658726411, 7.620663506282442 ], [ 1.170588624182221, 7.620898280169406 ], [ 1.170630863655697, 7.621131167600291 ], [ 1.170685261392239, 7.621361530247871 ], [ 1.170751668311907, 7.621588736704018 ], [ 1.170829902417816, 7.621812164210337 ], [ 1.170919749294755, 7.622031200365131 ], [ 1.171020962696678, 7.622245244801963 ], [ 1.171133265221452, 7.622453710835265 ], [ 1.17125634907101, 7.622656027068459 ], [ 1.171389876894835, 7.622851638960164 ], [ 1.171533482714463, 7.623040010344238 ], [ 1.171686772926479, 7.623220624899459 ], [ 1.171849327381239, 7.6233929875648 ], [ 1.172020700534381, 7.623556625896473 ], [ 1.172200422667967, 7.623711091362964 ], [ 1.172388001177901, 7.623855960574544 ], [ 1.172582921924109, 7.623990836443849 ], [ 1.172784650639755, 7.624115349274429 ], [ 1.172992634395669, 7.624229157774124 ], [ 1.173206303115931, 7.624331949990697 ], [ 1.173425071140493, 7.624423444166973 ], [ 1.173648338830524, 7.624503389513227 ], [ 1.173875494212098, 7.62457156689471 ], [ 1.17410591465372, 7.624627789432386 ], [ 1.17433896857306, 7.624671903015265 ], [ 1.174421396485249, 7.624683084153727 ], [ 1.174529671646711, 7.624861055454049 ], [ 1.174663201644161, 7.625056666830713 ], [ 1.174806809661027, 7.625245037623282 ], [ 1.174960102087861, 7.625425651512134 ], [ 1.175122658768943, 7.625598013438074 ], [ 1.175294034153798, 7.625761650959337 ], [ 1.175473758518363, 7.625916115546628 ], [ 1.175661339252419, 7.626060983812616 ], [ 1.175856262209783, 7.626195858672545 ], [ 1.176057993117549, 7.626320370432716 ], [ 1.176265979040528, 7.626434177803918 ], [ 1.176479649896849, 7.626536968837002 ], [ 1.176698420020598, 7.626628461778036 ], [ 1.17692168976718, 7.626708405840694 ], [ 1.177148847157023, 7.626776581893743 ], [ 1.177379269553114, 7.626832803061796 ], [ 1.177612325367759, 7.626876915237629 ], [ 1.177847375793897, 7.626908797504655 ], [ 1.178083776556211, 7.626928362468461 ], [ 1.178320879677255, 7.626935556496422 ], [ 1.178558035253712, 7.626930359864776 ], [ 1.178794593237968, 7.626912786812735 ], [ 1.179029905220069, 7.626882885503519 ], [ 1.179263326205195, 7.626840737892372 ], [ 1.179494216381783, 7.626786459501954 ], [ 1.179721942875427, 7.626720199105715 ], [ 1.179945881483773, 7.626642138320107 ], [ 1.180165418387631, 7.626552491106782 ], [ 1.18037995183362, 7.626451503186106 ], [ 1.180588893783723, 7.626339451363608 ], [ 1.180791671527254, 7.626216642771247 ], [ 1.180987729250775, 7.6260834140255 ], [ 1.181176529561695, 7.625940130304657 ], [ 1.181357554961363, 7.625787184347804 ], [ 1.181530309263601, 7.625624995378269 ], [ 1.181694318954805, 7.625454007954455 ], [ 1.181849134491882, 7.625274690751224 ], [ 1.181994331534457, 7.625087535275189 ], [ 1.182129512107982, 7.624893054517418 ], [ 1.182254305694547, 7.624691781547215 ], [ 1.18236837024842, 7.624484268050919 ], [ 1.182471393133512, 7.624271082819646 ], [ 1.182563091980221, 7.624052810190136 ], [ 1.182643215459284, 7.62383004844302 ], [ 1.182711543970533, 7.623603408162848 ], [ 1.182767890244669, 7.623373510564428 ], [ 1.182812099856393, 7.623140985789997 ], [ 1.182844051647501, 7.622906471181947 ], [ 1.182863658058779, 7.622670609535846 ], [ 1.182870865369799, 7.622434047338476 ], [ 1.182865653845945, 7.622197432995795 ], [ 1.182848037792291, 7.621961415055651 ], [ 1.182818065514156, 7.621726640430094 ], [ 1.182775819184485, 7.621493752622216 ], [ 1.182721414618375, 7.62126338996232 ], [ 1.182655000955418, 7.62103618385829 ], [ 1.182576760250686, 7.620812757064948 ], [ 1.182486906975523, 7.62059372197715 ], [ 1.182385687429475, 7.620379678951266 ], [ 1.182273379065014, 7.620171214659693 ], [ 1.182150289726868, 7.619968900482885 ], [ 1.182016756808081, 7.619773290943282 ], [ 1.181873146325083, 7.619584922185497 ], [ 1.181719851914341, 7.619404310506848 ], [ 1.181557293753315, 7.619231950942317 ], [ 1.18138591740869, 7.619068315907798 ], [ 1.181206192615048, 7.618913853905338 ], [ 1.181018611987307, 7.618768988293946 ], [ 1.180823689670486, 7.618634116129304 ], [ 1.180621959930472, 7.618509607075572 ], [ 1.180413975689662, 7.618395802392312 ], [ 1.180200307011495, 7.618293013999221 ], [ 1.17998153953802, 7.618201523621305 ], [ 1.179758272884798, 7.618121582016819 ], [ 1.179531118997508, 7.618053408290051 ], [ 1.179300700474786, 7.617997189290902 ], [ 1.179067648861892, 7.617953079102843 ], [ 1.178985221865414, 7.617941899122722 ], [ 1.178876945657559, 7.617763928859788 ], [ 1.178743414910917, 7.617568318803694 ], [ 1.178599806623454, 7.617379949453133 ], [ 1.178446514425628, 7.617199337107052 ], [ 1.178283958488838, 7.617026976802269 ], [ 1.178112584373682, 7.616863340956714 ], [ 1.177932861808642, 7.616708878074663 ], [ 1.177745283402536, 7.616564011517524 ] ] ], [ [ [ 1.187856975800809, 7.641584416950559 ], [ 1.187767117736087, 7.641365381507149 ], [ 1.187665892823296, 7.641151338145193 ], [ 1.187553578529642, 7.640942873537992 ], [ 1.187430482716126, 7.640740559066828 ], [ 1.187296942793552, 7.640544949254917 ], [ 1.187153324797557, 7.640356580247586 ], [ 1.187000022385203, 7.640175968342805 ], [ 1.186837455755875, 7.64000360857615 ], [ 1.18666607049946, 7.639839973364041 ], [ 1.18648633637495, 7.639685511208987 ], [ 1.186298746022815, 7.639540645470386 ], [ 1.1861038136147, 7.639405773204242 ], [ 1.18590207344412, 7.63928126407498 ], [ 1.185694078462021, 7.639167459342345 ], [ 1.185480398761242, 7.639064670926159 ], [ 1.185261620013997, 7.638973180551479 ], [ 1.185038341866696, 7.638893238976532 ], [ 1.18481117629647, 7.638825065305529 ], [ 1.184580745933924, 7.638768846388211 ], [ 1.184347682356709, 7.638724736307823 ], [ 1.184112624358587, 7.638692855958872 ], [ 1.183876216198729, 7.638673292715865 ], [ 1.183639105836048, 7.638666100193879 ], [ 1.183401943153403, 7.638671298101698 ], [ 1.183165378176535, 7.638688872187841 ], [ 1.182930059292615, 7.638718774279686 ], [ 1.182696631473296, 7.638760922415511 ], [ 1.182465734507113, 7.638815201069217 ], [ 1.182238001246104, 7.638881461466938 ], [ 1.182014055871426, 7.638959521994854 ], [ 1.181794512182734, 7.639049168696957 ], [ 1.181579971916012, 7.639150155861461 ], [ 1.181371023094453, 7.639262206694238 ], [ 1.181168238416906, 7.639385014077447 ], [ 1.180972173688325, 7.639518241411253 ], [ 1.180783366296493, 7.639661523536361 ], [ 1.180602333739206, 7.639814467734809 ], [ 1.18042957220597, 7.63997665480627 ], [ 1.180265555218059, 7.640147640216976 ], [ 1.180110732330698, 7.640326955318035 ], [ 1.179965527900905, 7.640514108629856 ], [ 1.179830339924379, 7.640708587189142 ], [ 1.179705538944615, 7.64090985795477 ], [ 1.179591467037243, 7.641117369268693 ], [ 1.179488436872367, 7.641330552367886 ], [ 1.179396730857486, 7.641548822943145 ], [ 1.179316600363332, 7.641771582740544 ], [ 1.179248265034766, 7.641998221201069 ], [ 1.179191912188603, 7.642228117134021 ], [ 1.179180605502614, 7.642287576971455 ], [ 1.179121237538124, 7.642343310293569 ], [ 1.178957219020164, 7.642514294853569 ], [ 1.178802394610539, 7.642693609136857 ], [ 1.17865718867044, 7.642880761666082 ], [ 1.1785219991997, 7.643075239480099 ], [ 1.178397196745913, 7.643276509539834 ], [ 1.178283123388744, 7.643484020189175 ], [ 1.178180091802274, 7.64369720266692 ], [ 1.178088384397898, 7.643915472665584 ], [ 1.178008252550161, 7.644138231932815 ], [ 1.177939915907634, 7.644364869911066 ], [ 1.17788356179074, 7.644594765410957 ], [ 1.177839344678156, 7.644827288313829 ], [ 1.177807385783227, 7.645061801298739 ], [ 1.177787772721539, 7.645297661589246 ], [ 1.17778149401761, 7.645503568276093 ], [ 1.17770271436107, 7.6454928822483 ], [ 1.177466303653475, 7.645473314686109 ], [ 1.177229190503539, 7.645466117784627 ], [ 1.176992024801741, 7.645471311264622 ], [ 1.176755456582082, 7.645488880886737 ], [ 1.176520134240597, 7.645518778490555 ], [ 1.176286702758393, 7.645560922126657 ], [ 1.176055801934024, 7.645615196281255 ], [ 1.175828064630078, 7.645681452192805 ], [ 1.175604115038765, 7.64575950825978 ], [ 1.175384566971274, 7.645849150538384 ], [ 1.175170022175565, 7.645950133328948 ], [ 1.174961068687219, 7.646062179849336 ], [ 1.174758279217853, 7.646184982993514 ], [ 1.174562209585527, 7.64631820617328 ], [ 1.174373397191444, 7.646461484240717 ], [ 1.17419235954709, 7.646614424488986 ], [ 1.17401959285589, 7.646776607728607 ], [ 1.173855570653239, 7.64694758943631 ], [ 1.173700742508638, 7.647126900973367 ], [ 1.1735555327935, 7.64731405086997 ], [ 1.173420339517998, 7.647508526172187 ], [ 1.173295533240141, 7.647709793847846 ], [ 1.173181456050074, 7.64791730224738 ], [ 1.173078420632373, 7.648130482615768 ], [ 1.172986709408934, 7.648348750651316 ], [ 1.172906573764766, 7.64857150810707 ], [ 1.172838233358849, 7.648798144430456 ], [ 1.172781875521921, 7.649028038436651 ], [ 1.172737654742859, 7.649260560011103 ], [ 1.172705692245066, 7.649495071836523 ], [ 1.17268607565401, 7.649730931139668 ], [ 1.172678858756852, 7.649967491453006 ], [ 1.172684061354802, 7.650204104386622 ], [ 1.172701669208626, 7.650440121405309 ], [ 1.172731634077444, 7.650674895606133 ], [ 1.172773873850734, 7.650907783491509 ], [ 1.172828272773146, 7.651138146732944 ], [ 1.172894681761566, 7.651365353920662 ], [ 1.172972918813502, 7.651588782294232 ], [ 1.173062769505729, 7.651807819449554 ], [ 1.1731639875818, 7.652021865017419 ], [ 1.173276295626818, 7.652230332309121 ], [ 1.173399385827626, 7.652432649924593 ], [ 1.173532920816331, 7.652628263318637 ], [ 1.173676534594859, 7.652816636320954 ], [ 1.173829833537995, 7.652997252605837 ], [ 1.173992397472171, 7.653169617107484 ], [ 1.174163780827044, 7.653333257377035 ], [ 1.174343513856704, 7.653487724877627 ], [ 1.174531103927173, 7.653632596213911 ], [ 1.174726036866665, 7.653767474292671 ], [ 1.174927778374887, 7.653891989411353 ], [ 1.175135775487567, 7.654005800271507 ], [ 1.175349458092126, 7.654108594914396 ], [ 1.175568240490404, 7.654200091576155 ], [ 1.175791523004111, 7.654280039460226 ], [ 1.176018693618625, 7.654348219424892 ], [ 1.176249129660624, 7.654404444584013 ], [ 1.176482199504947, 7.654448560819399 ], [ 1.176717264306006, 7.654480447203333 ], [ 1.176953679749016, 7.654500016330102 ], [ 1.177190797816213, 7.654507214555659 ], [ 1.177427968563241, 7.654502022144727 ], [ 1.177664541900828, 7.654484453324955 ], [ 1.177899869376861, 7.654454556247961 ], [ 1.178133305953979, 7.654412412857399 ], [ 1.178364211777807, 7.654358138664372 ], [ 1.178591953930984, 7.654291882430829 ], [ 1.178815908168168, 7.654213825761841 ], [ 1.17903546062727, 7.654124182607785 ], [ 1.179250009512214, 7.654023198677933 ], [ 1.179458966742619, 7.653911150766903 ], [ 1.179661759565866, 7.653788345995958 ], [ 1.179857832127149, 7.653655120971132 ], [ 1.180046646993178, 7.653511840860544 ], [ 1.180227686625382, 7.65335889839343 ], [ 1.180400454798556, 7.653196712783581 ], [ 1.180564477961069, 7.653025728580225 ], [ 1.180719306532904, 7.652846414449438 ], [ 1.180831504164292, 7.652701809203144 ], [ 1.180928917840871, 7.65272024691039 ], [ 1.181163982629, 7.652752130725152 ], [ 1.181400397917368, 7.652771697236558 ], [ 1.181637515688639, 7.652778892807731 ], [ 1.181874685999273, 7.652773697710695 ], [ 1.182111258761197, 7.652756126180462 ], [ 1.182346585523883, 7.6527262263761 ], [ 1.182518807818694, 7.652695132165883 ], [ 1.182534116701393, 7.65271136333825 ], [ 1.182705503977709, 7.652875000937065 ], [ 1.18288524077396, 7.653029465555941 ], [ 1.183072834445825, 7.653174333807439 ], [ 1.183267770811619, 7.653309208606803 ], [ 1.183469515561641, 7.653433720260472 ], [ 1.183677515722711, 7.653547527479506 ], [ 1.183891201173873, 7.653650318315159 ], [ 1.18410998620915, 7.65374181101402 ], [ 1.184333271143006, 7.653821754790409 ], [ 1.184560443954174, 7.653889930513879 ], [ 1.184790881963299, 7.653946151309943 ], [ 1.185023953539814, 7.653990263072392 ], [ 1.185259019833381, 7.654022144885779 ], [ 1.185495436525114, 7.654041709356949 ], [ 1.185732555593827, 7.654048902854638 ], [ 1.185969727092418, 7.654043705656554 ], [ 1.186206300929556, 7.654026132003478 ], [ 1.186441628651763, 7.653996230060319 ], [ 1.186675065221013, 7.653954081784071 ], [ 1.186905970782959, 7.653899802699255 ], [ 1.18713371242097, 7.653833541581254 ], [ 1.187357665891131, 7.653755480048543 ], [ 1.187577217333468, 7.653665832064852 ], [ 1.187791764954711, 7.653564843352695 ], [ 1.188000720677962, 7.653452790719827 ], [ 1.188203511754752, 7.653329981300453 ], [ 1.188399582335085, 7.653196751713367 ], [ 1.18858839499112, 7.653053467139194 ], [ 1.18876943219037, 7.652900520319418 ], [ 1.188942197714318, 7.652738330479754 ], [ 1.189106218018621, 7.652567342181033 ], [ 1.189261043531118, 7.65238802410055 ], [ 1.189406249884125, 7.652200867747359 ], [ 1.189529786793112, 7.652023148968999 ], [ 1.18954276827141, 7.652012181662293 ], [ 1.1897155331389, 7.651849991354043 ], [ 1.189879552781035, 7.651679002602632 ], [ 1.190034377627471, 7.651499684086605 ], [ 1.190179583312352, 7.651312527316199 ], [ 1.190314771837479, 7.651118045286053 ], [ 1.190439572663194, 7.650916771068993 ], [ 1.190553643723975, 7.650709256354792 ], [ 1.190656672365956, 7.650496069937922 ], [ 1.190748376203817, 7.650277796158385 ], [ 1.19082850389468, 7.650055033299971 ], [ 1.190896835826907, 7.649828391950289 ], [ 1.190953184721891, 7.649598493327072 ], [ 1.190997396147226, 7.649365967575363 ], [ 1.19102934893981, 7.649131452040232 ], [ 1.191048955537763, 7.648895589519768 ], [ 1.191056162220218, 7.648659026503137 ], [ 1.191050949254358, 7.648422411398524 ], [ 1.191033330949278, 7.648186392755832 ], [ 1.191003355616538, 7.647951617489028 ], [ 1.190961105437519, 7.64771872910292 ], [ 1.190906696237931, 7.647488365929362 ], [ 1.190840277170119, 7.647261159377604 ], [ 1.190762030304021, 7.647037732203678 ], [ 1.190672170127909, 7.646818696803426 ], [ 1.190570942960284, 7.64660465353404 ], [ 1.190458626274534, 7.64639618906855 ], [ 1.190335527938219, 7.646193874787837 ], [ 1.190201985369058, 7.64599826521459 ], [ 1.190058364609941, 7.645809896493466 ], [ 1.189905059325499, 7.64562928492165 ], [ 1.189742489722982, 7.645456925533795 ], [ 1.189726165316808, 7.645441339643836 ], [ 1.189668617670505, 7.645334528192859 ], [ 1.189545519946412, 7.645132213835627 ], [ 1.189411978011345, 7.644936604170222 ], [ 1.189268357906455, 7.644748235341551 ], [ 1.189115053294581, 7.644567623647085 ], [ 1.188952484381135, 7.644395264121827 ], [ 1.188781096762259, 7.644231629181522 ], [ 1.188601360203412, 7.64407716732793 ], [ 1.188413767351732, 7.643932301919615 ], [ 1.188218832385707, 7.643797430011678 ], [ 1.188116623275068, 7.643734350062679 ], [ 1.18812428270412, 7.643678134975728 ], [ 1.188143889913504, 7.643442272846331 ], [ 1.188151097387203, 7.643205710175059 ], [ 1.188145885390216, 7.642969095369144 ], [ 1.188128268228966, 7.642733076977685 ], [ 1.188098294211868, 7.642498301913966 ], [ 1.188056045516681, 7.642265413682249 ], [ 1.188001637965037, 7.642035050613973 ], [ 1.187935220704754, 7.64180784411812 ], [ 1.187856975800809, 7.641584416950559 ] ] ], [ [ [ 1.196049118909442, 7.674237037146057 ], [ 1.195947885489266, 7.674022993262196 ], [ 1.19583556179551, 7.673814528164672 ], [ 1.195712455714969, 7.673612213236066 ], [ 1.195578904686613, 7.673416603000808 ], [ 1.195435274776531, 7.673228233605326 ], [ 1.195281959674444, 7.673047621348613 ], [ 1.195119379614511, 7.672875261267158 ], [ 1.194947980223416, 7.6727116257782 ], [ 1.194768231298865, 7.672557163384965 ], [ 1.194580625521862, 7.67241229744746 ], [ 1.194385677106285, 7.672277425022203 ], [ 1.194183920389469, 7.672152915774025 ], [ 1.193975908367657, 7.67203911096296 ], [ 1.193762211180319, 7.671936322509024 ], [ 1.193543414547531, 7.671844832137355 ], [ 1.193320118164642, 7.67176489060616 ], [ 1.193092934058684, 7.671696717019515 ], [ 1.192862484910978, 7.671640498226928 ], [ 1.192629402350572, 7.671596388311302 ], [ 1.192394325223168, 7.671564508166695 ], [ 1.192157897840277, 7.671544945167068 ], [ 1.191920768213406, 7.671537752926836 ], [ 1.191683586278125, 7.671542951154042 ], [ 1.191447002112854, 7.671560525596352 ], [ 1.191211664157271, 7.671590428080186 ], [ 1.190978217435222, 7.671632576642795 ], [ 1.190747301786977, 7.67168685575693 ], [ 1.190519550115707, 7.671753116647515 ], [ 1.190295586652965, 7.671831177699421 ], [ 1.190076025247929, 7.671920824955245 ], [ 1.18986146768509, 7.672021812701725 ], [ 1.189652502035009, 7.672133864143195 ], [ 1.18944970104263, 7.672256672160183 ], [ 1.189253620557601, 7.672389900151177 ], [ 1.189064798010881, 7.672533182955132 ], [ 1.188883750941802, 7.672686127852256 ], [ 1.188710975579649, 7.672848315640368 ], [ 1.188546945483621, 7.673019301783778 ], [ 1.188392110244894, 7.673198617631631 ], [ 1.188246894254378, 7.67338577170232 ], [ 1.188111695539501, 7.673580251030514 ], [ 1.187986884673246, 7.673781522573006 ], [ 1.187872803758401, 7.673989034669661 ], [ 1.187769765489824, 7.67420221855532 ], [ 1.187678052297302, 7.674420489918653 ], [ 1.187597915571318, 7.674643250503583 ], [ 1.1875295749739, 7.674869889748955 ], [ 1.187473217836393, 7.675099786461916 ], [ 1.187428998645839, 7.675332310520483 ], [ 1.187397038621369, 7.675566824600532 ], [ 1.187377425381753, 7.6758026859226 ], [ 1.187370212705042, 7.676039248013605 ], [ 1.187375420380954, 7.676275862478711 ], [ 1.187393034156406, 7.676511880778483 ], [ 1.187423005774354, 7.676746656006416 ], [ 1.187465253105836, 7.676979544662072 ], [ 1.187519660374841, 7.677209908414797 ], [ 1.18758607847542, 7.67743711585336 ], [ 1.187664325380149, 7.677660544216597 ], [ 1.187754186638828, 7.677879581100376 ], [ 1.187855415966072, 7.67809362613618 ], [ 1.187967735916159, 7.678302092636713 ], [ 1.188090838643308, 7.678504409204028 ], [ 1.188224386745292, 7.678700021295741 ], [ 1.188368014188082, 7.678888392745085 ], [ 1.188521327308992, 7.679069007230563 ], [ 1.188683905895565, 7.679241369691265 ], [ 1.188855304337262, 7.679405007683891 ], [ 1.189035052846778, 7.679559472677776 ], [ 1.189222658747658, 7.679704341284419 ], [ 1.189417607824665, 7.679839216418067 ], [ 1.189619365733216, 7.679963728384215 ], [ 1.189827379464016, 7.68007753589304 ], [ 1.190041078858864, 7.68018032699498 ], [ 1.190259878173505, 7.680271819935879 ], [ 1.190483177683202, 7.680351763929381 ], [ 1.190710365326667, 7.680419939844434 ], [ 1.190940818383822, 7.680476160806019 ], [ 1.191173905182785, 7.680520272707467 ], [ 1.191408986831415, 7.680552154632965 ], [ 1.191645418968668, 7.680571719189049 ], [ 1.191882553530945, 7.680578912744232 ], [ 1.192119740528604, 7.680573715576079 ], [ 1.19235632982776, 7.680556141925318 ], [ 1.192591672932485, 7.680526239956851 ], [ 1.192825124762521, 7.680484091627785 ], [ 1.193056045421633, 7.680429812462812 ], [ 1.193283801951749, 7.680363551237563 ], [ 1.193507770068083, 7.68028548957083 ], [ 1.193727335870471, 7.680195841426756 ], [ 1.19394189752624, 7.680094852528335 ], [ 1.194150866919991, 7.679982799683856 ], [ 1.19435367126576, 7.679859990028152 ], [ 1.194549754677162, 7.679726760180705 ], [ 1.194738579691174, 7.67958347532289 ], [ 1.194919628741431, 7.679430528197003 ], [ 1.195092405576943, 7.67926833802964 ], [ 1.19525643662237, 7.679097349382565 ], [ 1.195411272276131, 7.678918030934065 ], [ 1.195556488142771, 7.678730874194232 ], [ 1.195691686196217, 7.67853639215765 ], [ 1.195816495870736, 7.678335117897189 ], [ 1.195930575076595, 7.678127603102772 ], [ 1.196033611137661, 7.67791441656911 ], [ 1.196125321648331, 7.677696142636548 ], [ 1.196205455247506, 7.67747337958931 ], [ 1.196273792307416, 7.677246738015528 ], [ 1.196330145535476, 7.67701683913357 ], [ 1.196374360487472, 7.676784313089183 ], [ 1.196406315990715, 7.676549797228239 ], [ 1.19642592447597, 7.676313934349717 ], [ 1.196433132217274, 7.67607737094376 ], [ 1.196427919478985, 7.675840755419602 ], [ 1.19641030056965, 7.675604736328286 ], [ 1.196380323802558, 7.675369960584979 ], [ 1.196338071363089, 7.675137071695781 ], [ 1.196283659083218, 7.674906707993895 ], [ 1.196217236123791, 7.674679500889997 ], [ 1.196138984565471, 7.674456073141585 ], [ 1.196049118909442, 7.674237037146057 ] ] ], [ [ [ 1.216280610683515, 7.503936428293468 ], [ 1.216179386212162, 7.503722394513679 ], [ 1.216067076487021, 7.503513941160409 ], [ 1.215943989356293, 7.503311639584203 ], [ 1.215810462206736, 7.503116044273062 ], [ 1.215666861038766, 7.502927691332706 ], [ 1.215513579463137, 7.502747097017227 ], [ 1.215351037621982, 7.502574756314149 ], [ 1.215179681037142, 7.50241114158782 ], [ 1.214999979388953, 7.502256701284781 ], [ 1.214812425228851, 7.502111858704726 ], [ 1.214617532629296, 7.501977010840384 ], [ 1.214415835774743, 7.501852527289489 ], [ 1.214207887497512, 7.501738749241878 ], [ 1.213994257762558, 7.501635988544417 ], [ 1.213775532105318, 7.501544526846386 ], [ 1.213552310026891, 7.501464614827589 ], [ 1.213325203350968, 7.501396471511406 ], [ 1.213094834546997, 7.501340283664538 ], [ 1.212861835024202, 7.501296205285223 ], [ 1.212626843401097, 7.501264357181216 ], [ 1.212390503755266, 7.501244826638758 ], [ 1.212153463858191, 7.501237667183407 ], [ 1.21191637339996, 7.501242898433405 ], [ 1.211679882208734, 7.501260506045945 ], [ 1.211444638469831, 7.501290441756558 ], [ 1.211211286949318, 7.501332623511418 ], [ 1.210980467226988, 7.501386935692269 ], [ 1.210752811943532, 7.501453229433348 ], [ 1.210528945066737, 7.501531323029411 ], [ 1.210309480181448, 7.501621002433754 ], [ 1.210095018807982, 7.501722021844886 ], [ 1.209886148753593, 7.5018341043802 ], [ 1.209683442501512, 7.501956942834856 ], [ 1.209487455641981, 7.502090200523722 ], [ 1.209298725349562, 7.50223351220417 ], [ 1.20911776891091, 7.502386485077063 ], [ 1.208945082307033, 7.502548699863323 ], [ 1.208781138853935, 7.50271971195304 ], [ 1.208626387905352, 7.502899052624004 ], [ 1.208481253621147, 7.503086230326355 ], [ 1.20834613380474, 7.503280732029744 ], [ 1.208221398812746, 7.503482024629416 ], [ 1.208107390539833, 7.503689556407283 ], [ 1.208004421481549, 7.503902758544033 ], [ 1.207912773877736, 7.504121046678097 ], [ 1.207832698938817, 7.504343822507227 ], [ 1.207764416157141, 7.504570475428308 ], [ 1.207708112705224, 7.504800384210824 ], [ 1.207663942922573, 7.505032918699561 ], [ 1.20763202789248, 7.505267441541674 ], [ 1.207612455109953, 7.505503309933577 ], [ 1.207605278241699, 7.505739877382712 ], [ 1.207610516978823, 7.505976495479489 ], [ 1.207628156982635, 7.506212515674475 ], [ 1.207658149923729, 7.506447291055959 ], [ 1.207700413614227, 7.506680178123069 ], [ 1.20775483223282, 7.506910538549547 ], [ 1.207821256642006, 7.507137740933326 ], [ 1.20789950479664, 7.507361162527169 ], [ 1.207989362242692, 7.507580190945601 ], [ 1.208090582704854, 7.507794225843424 ], [ 1.208202888761354, 7.508002680561272 ], [ 1.208325972604188, 7.50820498373365 ], [ 1.20845949688262, 7.508400580855064 ], [ 1.208603095627691, 7.508588935799963 ], [ 1.208756375255191, 7.508769532292298 ], [ 1.208918915644333, 7.508941875320692 ], [ 1.209090271289185, 7.509105492495313 ], [ 1.209269972519708, 7.509259935342802 ], [ 1.209457526789042, 7.509404780535586 ], [ 1.209652420023533, 7.509539631052315 ], [ 1.209854118031766, 7.50966411726619 ], [ 1.210062067968783, 7.509777897958201 ], [ 1.210275699851443, 7.509880661252505 ], [ 1.21049442812078, 7.509972125471378 ], [ 1.210717653247075, 7.510052039907381 ], [ 1.210944763373244, 7.510120185510671 ], [ 1.211175135992037, 7.510176375489479 ], [ 1.211408139652435, 7.510220455822209 ], [ 1.211643135690591, 7.510252305679705 ], [ 1.211879479980549, 7.510271837756516 ], [ 1.212116524699945, 7.510278998510268 ], [ 1.212353620105855, 7.510273768308498 ], [ 1.212590116315913, 7.510256161482524 ], [ 1.212825365089813, 7.510226226288203 ], [ 1.213058721606321, 7.510184044773708 ], [ 1.213289546230909, 7.510129732554648 ], [ 1.213517206269176, 7.510063438497213 ], [ 1.213741077701241, 7.509985344310115 ], [ 1.213960546892347, 7.509895664046526 ], [ 1.214175012275005, 7.509794643517361 ], [ 1.214383885998034, 7.509682559617468 ], [ 1.214586595538009, 7.509559719566642 ], [ 1.214782585268665, 7.509426460067499 ], [ 1.214971317983983, 7.509283146382508 ], [ 1.215152276370765, 7.509130171332759 ], [ 1.215324964426654, 7.508967954221189 ], [ 1.21548890881974, 7.508796939683182 ], [ 1.21564366018599, 7.508617596467762 ], [ 1.21578879436096, 7.508430416152683 ], [ 1.215923913542433, 7.508235911796906 ], [ 1.216048647380746, 7.508034616534252 ], [ 1.216162653993874, 7.507827082111986 ], [ 1.216265620904451, 7.507613877378392 ], [ 1.216357265896167, 7.507395586723494 ], [ 1.216437337787218, 7.507172808477146 ], [ 1.21650561711865, 7.506946153268965 ], [ 1.216561916755744, 7.506716242354509 ], [ 1.216606082400792, 7.506483705912361 ], [ 1.216637993015834, 7.506249181316756 ], [ 1.216657561154235, 7.506013311390501 ], [ 1.216664733200168, 7.505776742642968 ], [ 1.216659489515364, 7.505540123497963 ], [ 1.216641844492721, 7.505304102516406 ], [ 1.21661184651663, 7.505069326618633 ], [ 1.216569577830137, 7.504836439311158 ], [ 1.216515154309284, 7.504606078922888 ], [ 1.216448725145287, 7.504378876855464 ], [ 1.216370472435385, 7.504155455852657 ], [ 1.216280610683515, 7.503936428293468 ] ] ], [ [ [ 1.224289045117936, 7.515079703823472 ], [ 1.224187814994545, 7.514865670468895 ], [ 1.224075499356107, 7.514657217697977 ], [ 1.22395240606703, 7.51445491685964 ], [ 1.223818872530948, 7.514259322439842 ], [ 1.223675264765771, 7.514070970541836 ], [ 1.223521976400324, 7.513890377416836 ], [ 1.223359427595334, 7.513718038049086 ], [ 1.223188063891708, 7.513554424799256 ], [ 1.223008354989273, 7.513399986109832 ], [ 1.222820793459321, 7.513255145276076 ], [ 1.222625893394483, 7.513120299285906 ], [ 1.222424188999647, 7.512995817731927 ], [ 1.222216233127765, 7.51288204179849 ], [ 1.222002595764574, 7.512779283326675 ], [ 1.221783862466383, 7.512687823959653 ], [ 1.221560632755198, 7.512607914370856 ], [ 1.221333518475591, 7.512539773576997 ], [ 1.221103142117817, 7.51248358833788 ], [ 1.220870135111764, 7.512439512644613 ], [ 1.220635136096421, 7.512407667297592 ], [ 1.2203987891696, 7.512388139575527 ], [ 1.220161742122702, 7.512380982996257 ], [ 1.219924644665384, 7.512386217170169 ], [ 1.21968814664496, 7.512403827746462 ], [ 1.219452896265436, 7.512433766452566 ], [ 1.219219538311061, 7.512475951226465 ], [ 1.218988712379238, 7.512530266441662 ], [ 1.21876105112766, 7.512596563224098 ], [ 1.21853717854046, 7.512674659860218 ], [ 1.218317708218123, 7.512764342295017 ], [ 1.218103241695861, 7.512865364718714 ], [ 1.217894366795039, 7.512977450240481 ], [ 1.217691656012173, 7.513100291647303 ], [ 1.217495664949928, 7.513233552245999 ], [ 1.217306930794395, 7.513376866785967 ], [ 1.217125970842828, 7.513529842460266 ], [ 1.216953281085883, 7.513692059982151 ], [ 1.216789334848225, 7.51386307473423 ], [ 1.216634581491245, 7.514042417987013 ], [ 1.216489445181435, 7.514229598183572 ], [ 1.216354323727793, 7.514424102286734 ], [ 1.216229587491455, 7.51462539718517 ], [ 1.216115578370531, 7.514832931154496 ], [ 1.216012608862932, 7.515046135369392 ], [ 1.215920961209764, 7.515264425462591 ], [ 1.215840886621624, 7.515487203126476 ], [ 1.215772604589936, 7.515713857752884 ], [ 1.2157163022852, 7.515943768106633 ], [ 1.215672134043815, 7.516176304028172 ], [ 1.215640220944886, 7.516410828160732 ], [ 1.215620650478161, 7.516646697697153 ], [ 1.215613476304037, 7.516883266141734 ], [ 1.215618718106265, 7.517119885082137 ], [ 1.215636361537782, 7.517355905966586 ], [ 1.215666358259818, 7.517590681881462 ], [ 1.215708626074152, 7.517823569324409 ], [ 1.215763049148196, 7.51805392996811 ], [ 1.215829478332253, 7.518281132409871 ], [ 1.215907731568104, 7.518504553902281 ], [ 1.215997594387803, 7.518723582060109 ], [ 1.216098820501319, 7.51893761653885 ], [ 1.216211132471395, 7.519146070680257 ], [ 1.216334222473816, 7.519348373120395 ], [ 1.216467753140956, 7.519543969355754 ], [ 1.216611358486339, 7.519732323263187 ], [ 1.21676464490765, 7.51991291856947 ], [ 1.216927192265463, 7.520085260266452 ], [ 1.217098555034728, 7.520248875967948 ], [ 1.217278263525853, 7.520403317204614 ], [ 1.217465825172054, 7.520548160653282 ], [ 1.217660725879425, 7.520683009297372 ], [ 1.21786243143604, 7.520807493515214 ], [ 1.218070388976217, 7.520921272093264 ], [ 1.218284028495941, 7.52102403316147 ], [ 1.218502764415276, 7.521115495048218 ], [ 1.218725997183498, 7.521195407052464 ], [ 1.21895311492254, 7.521263550131032 ], [ 1.219183495104247, 7.521319737499083 ], [ 1.219416506256835, 7.521363815142198 ], [ 1.219651509695883, 7.521395662238602 ], [ 1.219887861275113, 7.521415191490426 ], [ 1.220124913152151, 7.521422349363065 ], [ 1.22036201556442, 7.52141711623197 ], [ 1.220598518610319, 7.521399506436508 ], [ 1.220833774030781, 7.521369568240701 ], [ 1.221067136986329, 7.521327383700971 ], [ 1.221297967824764, 7.521273068441251 ], [ 1.221525633834636, 7.521206771336085 ], [ 1.22174951097968, 7.521128674102568 ], [ 1.221968985609474, 7.521038990802244 ], [ 1.22218345614161, 7.52093796725438 ], [ 1.222392334710794, 7.520825880362127 ], [ 1.222595048780316, 7.520703037353504 ], [ 1.222791042711503, 7.520569774939251 ], [ 1.222979779286831, 7.520426458389852 ], [ 1.223160741182534, 7.520273480534273 ], [ 1.223333432386655, 7.520111260683156 ], [ 1.223497379558674, 7.51994024347941 ], [ 1.223652133326964, 7.519760897679381 ], [ 1.223797269520525, 7.519573714867916 ], [ 1.223932390331633, 7.519379208110831 ], [ 1.224057125406193, 7.519177910548533 ], [ 1.224171132858822, 7.518970373934594 ], [ 1.224274100209888, 7.518757167123304 ], [ 1.224365745241912, 7.518538874510382 ], [ 1.224445816773015, 7.518316094431047 ], [ 1.224514095345268, 7.518089437519929 ], [ 1.224570393826071, 7.517859525037245 ], [ 1.224614557920921, 7.51762698716586 ], [ 1.224646466596145, 7.51739246128392 ], [ 1.224666032410461, 7.517156590217742 ], [ 1.224673201754445, 7.516920020479787 ], [ 1.224667954997266, 7.516683400496569 ], [ 1.224650306540273, 7.516447378831288 ], [ 1.2246203047773, 7.516212602406114 ], [ 1.224578031961794, 7.515979714728999 ], [ 1.224523603981137, 7.515749354129823 ], [ 1.224457170038786, 7.515522152010788 ], [ 1.224378912245091, 7.515298731115777 ], [ 1.224289045117936, 7.515079703823472 ] ] ], [ [ [ 1.231923594623455, 7.526511316731684 ], [ 1.231822359004111, 7.526297283755531 ], [ 1.231710037597789, 7.526088831508306 ], [ 1.231586938284707, 7.525886531337481 ], [ 1.231453398485006, 7.525690937727156 ], [ 1.231309784233755, 7.525502586778351 ], [ 1.231156489177547, 7.525321994739646 ], [ 1.230993933495433, 7.525149656592297 ], [ 1.230822562747151, 7.524986044693617 ], [ 1.230642846651815, 7.524831607482366 ], [ 1.230455277800405, 7.524686768249738 ], [ 1.230260370305593, 7.524551923979267 ], [ 1.2300586583926, 7.524427444258826 ], [ 1.229850694934954, 7.524313670267747 ], [ 1.22963704993915, 7.524210913841775 ], [ 1.229418308982379, 7.524119456618477 ], [ 1.229195071607604, 7.524039549265411 ], [ 1.228967949680364, 7.523971410793172 ], [ 1.228737565711837, 7.523915227955207 ], [ 1.228504551152735, 7.523871154736054 ], [ 1.228269544662712, 7.523839311929342 ], [ 1.22803319036003, 7.523819786806833 ], [ 1.227796136056275, 7.523812632879268 ], [ 1.22755903148096, 7.523817869749766 ], [ 1.227322526500878, 7.523835483060169 ], [ 1.227087269339083, 7.523865424530434 ], [ 1.226853904798389, 7.523907612090993 ], [ 1.226796304148176, 7.523921166329737 ], [ 1.22662642265064, 7.523933817671757 ], [ 1.226391165474003, 7.523963758744539 ], [ 1.226157800898013, 7.524005945906106 ], [ 1.225926968538199, 7.524060263523442 ], [ 1.225699301069853, 7.524126562715924 ], [ 1.22547542249413, 7.524204661763418 ], [ 1.225255946427918, 7.524294346604331 ], [ 1.225041474422162, 7.524395371422314 ], [ 1.224832594313249, 7.52450745932 ], [ 1.224629878611972, 7.524630303077883 ], [ 1.224433882934476, 7.524763565996358 ], [ 1.224245144479508, 7.524906882818494 ], [ 1.224064180556118, 7.525059860731102 ], [ 1.223891487165861, 7.525222080441332 ], [ 1.223727537643377, 7.525393097325803 ], [ 1.223572781359081, 7.525572442649199 ], [ 1.223427642487512, 7.525759624848927 ], [ 1.223292518844716, 7.525954130882336 ], [ 1.223167780797858, 7.526155427632807 ], [ 1.223053770250042, 7.526362963370893 ], [ 1.222950799703121, 7.526576169266426 ], [ 1.222859151401087, 7.526794460947533 ], [ 1.22277907655635, 7.52701724010224 ], [ 1.222710794661074, 7.527243896118301 ], [ 1.222654492885422, 7.527473807756705 ], [ 1.222610325564381, 7.527706344854379 ], [ 1.222578413774568, 7.527940870051314 ], [ 1.22255884500218, 7.528176740537427 ], [ 1.222551672903003, 7.528413309814396 ], [ 1.222556917155135, 7.528649929467572 ], [ 1.22257456340483, 7.528885950943218 ], [ 1.22260456330562, 7.529120727326069 ], [ 1.222646834650599, 7.529353615112467 ], [ 1.222701261597525, 7.529583975974129 ], [ 1.222767694986104, 7.529811178507739 ], [ 1.222845952746612, 7.530034599965612 ], [ 1.222935820398713, 7.530253627962587 ], [ 1.22303705163914, 7.530467662154577 ], [ 1.223149369016591, 7.530676115884094 ], [ 1.223272464692029, 7.53087841778831 ], [ 1.22340600128228, 7.53107401336516 ], [ 1.223549612784624, 7.531262366493287 ], [ 1.223702905579863, 7.531442960901579 ], [ 1.223865459511086, 7.531615301584328 ], [ 1.224036829035209, 7.531778916158113 ], [ 1.224216544444105, 7.531933356156669 ], [ 1.224404113152005, 7.532078198260204 ], [ 1.224599021045624, 7.532213045455819 ], [ 1.224800733893307, 7.532337528125802 ], [ 1.225008698809358, 7.532451305060851 ], [ 1.225222345769511, 7.532554064395416 ], [ 1.225441089173404, 7.532645524462628 ], [ 1.22566432944976, 7.532725434566435 ], [ 1.225891454699898, 7.532793575668876 ], [ 1.226121842375038, 7.532849760990535 ], [ 1.226354860982819, 7.532893836522611 ], [ 1.226589871818351, 7.532925681449126 ], [ 1.226826230715046, 7.532945208478179 ], [ 1.227063289810439, 7.532952364081261 ], [ 1.227300399322135, 7.532947128640072 ], [ 1.227536909329043, 7.532929516500329 ], [ 1.227772171552987, 7.532899575932492 ], [ 1.228005541135817, 7.532857388999515 ], [ 1.228063143031244, 7.532843834873225 ], [ 1.22823302814972, 7.532831183777716 ], [ 1.228468290358644, 7.532801242811966 ], [ 1.228701659905956, 7.532759055479581 ], [ 1.228932497121366, 7.532704737412183 ], [ 1.229160169275927, 7.532638437492019 ], [ 1.229384052316516, 7.532560337443943 ], [ 1.22960353257654, 7.532470651337229 ], [ 1.229818008458151, 7.532369624998866 ], [ 1.230026892081388, 7.532257535339673 ], [ 1.230229610895688, 7.532134689595286 ], [ 1.230425609249377, 7.532001424483959 ], [ 1.230614349912818, 7.531858105283591 ], [ 1.230795315551049, 7.53170512483044 ], [ 1.230968010141872, 7.531542902442278 ], [ 1.231131960335503, 7.53137188276899 ], [ 1.231286716752054, 7.531192534573705 ], [ 1.231431855213292, 7.531005349447843 ], [ 1.231566977905307, 7.530810840463579 ], [ 1.231691714468875, 7.530609540767426 ], [ 1.231805723014569, 7.53040200211881 ], [ 1.231908691059794, 7.530188793377605 ], [ 1.232000336385204, 7.52997049894481 ], [ 1.232080407808152, 7.529747717160638 ], [ 1.232148685871043, 7.529521058664379 ], [ 1.232204983442714, 7.529291144720587 ], [ 1.232249146231188, 7.529058605516123 ], [ 1.232281053206412, 7.528824078432773 ], [ 1.232300616931797, 7.528588206300127 ], [ 1.232307783803682, 7.528351635633556 ], [ 1.232302534198044, 7.528115014862101 ], [ 1.23228488252407, 7.527878992551093 ], [ 1.232254877184439, 7.527644215624462 ], [ 1.232212600442426, 7.527411327591495 ], [ 1.2321581681962, 7.527180966783036 ], [ 1.232091729660928, 7.526953764601831 ], [ 1.232013466959565, 7.526730343791905 ], [ 1.231923594623455, 7.526511316731684 ] ] ], [ [ [ 1.268907486907994, 7.533885947860934 ], [ 1.26880623027767, 7.533671918939109 ], [ 1.268693887908779, 7.533463471746325 ], [ 1.268570767738923, 7.533261177616122 ], [ 1.26843720724533, 7.533065591016005 ], [ 1.268293572519705, 7.532877248027719 ], [ 1.268140257264665, 7.532696664878003 ], [ 1.267977681714527, 7.532524336523713 ], [ 1.267806291483389, 7.532360735295301 ], [ 1.26762655634366, 7.532206309602283 ], [ 1.26743896893842, 7.532061482704285 ], [ 1.267244043431089, 7.531926651551047 ], [ 1.267042314096159, 7.531802185694513 ], [ 1.266834333854808, 7.531688426276049 ], [ 1.266620672759438, 7.531585685091506 ], [ 1.266401916431275, 7.531494243736725 ], [ 1.266178664455326, 7.53141435283584 ], [ 1.265951528737072, 7.531346231354417 ], [ 1.265721131825417, 7.531290065999413 ], [ 1.265488105206482, 7.531246010707521 ], [ 1.265253087572921, 7.531214186223336 ], [ 1.265016723073493, 7.531194679768478 ], [ 1.264779659547694, 7.531187544802627 ], [ 1.264542546750286, 7.531192800877029 ], [ 1.264306034570582, 7.531210433580992 ], [ 1.264070771251365, 7.531240394581402 ], [ 1.264064897448955, 7.531241456917516 ], [ 1.264004219151103, 7.531242801883344 ], [ 1.263767706988649, 7.531260434285193 ], [ 1.263532443670932, 7.53129039498156 ], [ 1.26329907401764, 7.531332601850283 ], [ 1.263068237658239, 7.531386939204419 ], [ 1.262840567279007, 7.531453258109352 ], [ 1.262616686889114, 7.531531376790999 ], [ 1.262397210110469, 7.531621081134046 ], [ 1.262182738496028, 7.531722125268762 ], [ 1.261973859881168, 7.531834232244901 ], [ 1.26177114677266, 7.531957094790736 ], [ 1.261575154779626, 7.532090376155216 ], [ 1.2613864210908, 7.5322337110309 ], [ 1.26120546300226, 7.532386706555154 ], [ 1.261032776499667, 7.532548943386871 ], [ 1.260868834898881, 7.532719976855769 ], [ 1.260714087548709, 7.532899338181079 ], [ 1.260568958599305, 7.533086535756339 ], [ 1.260433845839622, 7.533281056496737 ], [ 1.260309119607101, 7.53348236724533 ], [ 1.26019512177256, 7.533689916234252 ], [ 1.260092164803107, 7.533903134596974 ], [ 1.260000530905609, 7.534121437927404 ], [ 1.259920471253084, 7.534344227881571 ], [ 1.259852205296134, 7.534570893817556 ], [ 1.259795920161311, 7.534800814469079 ], [ 1.259751770138057, 7.535033359648285 ], [ 1.259719876255631, 7.535267891972921 ], [ 1.259700325951198, 7.535503768613268 ], [ 1.25969317282996, 7.535740343054046 ], [ 1.259698436518026, 7.535976966866349 ], [ 1.259716102608393, 7.536212991484943 ], [ 1.259746122700216, 7.536447769985847 ], [ 1.259788414531243, 7.536680658859498 ], [ 1.259842862203064, 7.536911019774529 ], [ 1.259909316498554, 7.537138221327393 ], [ 1.259987595290645, 7.537361640773001 ], [ 1.260077484041311, 7.537580665731617 ], [ 1.260178736389397, 7.53779469586741 ], [ 1.260291074825681, 7.538003144533935 ], [ 1.260414191453331, 7.538205440382182 ], [ 1.260547748831664, 7.538401028926625 ], [ 1.260691380900896, 7.538589374065138 ], [ 1.260749011990468, 7.538657256994133 ], [ 1.260752849245694, 7.538829748775981 ], [ 1.260770515678444, 7.539065773479662 ], [ 1.260800536199297, 7.539300552053803 ], [ 1.260842828544831, 7.539533440988644 ], [ 1.260897276815232, 7.539763801952643 ], [ 1.260963731791739, 7.539991003542118 ], [ 1.261042011345425, 7.540214423011864 ], [ 1.261131900936178, 7.540433447982095 ], [ 1.261233154200545, 7.540647478116922 ], [ 1.261345493626796, 7.540855926769909 ], [ 1.261468611315389, 7.541058222592074 ], [ 1.261602169822732, 7.541253811097965 ], [ 1.261745803085946, 7.541442156185546 ], [ 1.261899117426095, 7.541622741605713 ], [ 1.262061692627116, 7.541795072377356 ], [ 1.262233083087521, 7.541958676144208 ], [ 1.262412819041695, 7.542113104469604 ], [ 1.262600407847447, 7.54225793406576 ], [ 1.262795335336296, 7.542392767954063 ], [ 1.262997067222769, 7.542517236553308 ], [ 1.263205050568882, 7.542630998692784 ], [ 1.263418715299747, 7.542733742547537 ], [ 1.263637475766194, 7.542825186493193 ], [ 1.263860732350086, 7.542905079877942 ], [ 1.264087873107953, 7.542973203709718 ], [ 1.264318275448428, 7.543029371256524 ], [ 1.264551307838879, 7.543073428558363 ], [ 1.264786331536575, 7.543105254849316 ], [ 1.265022702339617, 7.543124762888653 ], [ 1.26525977235286, 7.54313189920002 ], [ 1.265496891763948, 7.543126644218093 ], [ 1.265733410624634, 7.543109012342251 ], [ 1.265968680632461, 7.543079051897161 ], [ 1.26620205690794, 7.54303684500035 ], [ 1.266432899762351, 7.542982507337161 ], [ 1.26666057645131, 7.542916187843661 ], [ 1.266884462909296, 7.542838068298432 ], [ 1.26710394546039, 7.542748362824286 ], [ 1.267318422500517, 7.542647317301372 ], [ 1.267527306146601, 7.542535208693172 ], [ 1.267730023848086, 7.542412344287316 ], [ 1.267926019956426, 7.542279060853288 ], [ 1.268114757248224, 7.542135723719243 ], [ 1.26829571839785, 7.541982725770636 ], [ 1.268468407395506, 7.541820486373227 ], [ 1.26863235090684, 7.541649450223539 ], [ 1.268787099570382, 7.541470086129872 ], [ 1.268932229229258, 7.541282885727224 ], [ 1.269067342093789, 7.541088362129625 ], [ 1.269192067831797, 7.540887048523626 ], [ 1.26930606458363, 7.540679496706743 ], [ 1.269409019899122, 7.540466275574901 ], [ 1.269500651593916, 7.540247969563008 ], [ 1.269580708522822, 7.540025177042956 ], [ 1.269648971268057, 7.539798508683386 ], [ 1.269705252740525, 7.53956858577582 ], [ 1.26971267212128, 7.53952950279746 ], [ 1.269745806570503, 7.539394140655992 ], [ 1.269789952462765, 7.539161593396974 ], [ 1.269821841854929, 7.538927059207231 ], [ 1.269841387358656, 7.538691180935736 ], [ 1.269848535420273, 7.538454605114591 ], [ 1.269843266467349, 7.538217980186859 ], [ 1.269825594962126, 7.537981954729167 ], [ 1.269795569361651, 7.537747175673966 ], [ 1.269753271984736, 7.537514286536278 ], [ 1.269698818786099, 7.537283925649872 ], [ 1.269632359038314, 7.537056724417607 ], [ 1.269554074922448, 7.536833305580827 ], [ 1.269464181028501, 7.536614281512452 ], [ 1.269362923767019, 7.536400252538563 ], [ 1.269262962822494, 7.536214779754758 ], [ 1.269265145739658, 7.536198725104559 ], [ 1.269284691079687, 7.535962846870641 ], [ 1.269291839058764, 7.535726271089051 ], [ 1.26928657010468, 7.535489646202752 ], [ 1.269268898679669, 7.535253620788257 ], [ 1.269238873240554, 7.535018841777894 ], [ 1.269196576105696, 7.534785952686573 ], [ 1.269142123229143, 7.534555591847937 ], [ 1.269075663882581, 7.534328390664716 ], [ 1.268997380245971, 7.534104971878118 ], [ 1.268907486907994, 7.533885947860934 ] ] ], [ [ [ 1.212752701027505, 7.543671557060235 ], [ 1.212651473856307, 7.543457521074593 ], [ 1.21253916027823, 7.543249065168772 ], [ 1.212416068152107, 7.543046760700276 ], [ 1.212282534878447, 7.542851162164991 ], [ 1.212138926474501, 7.542662805677429 ], [ 1.211985636570897, 7.54248220750135 ], [ 1.211823085332621, 7.54230986263482 ], [ 1.211651718307289, 7.542146243453536 ], [ 1.211472005203861, 7.541991798416205 ], [ 1.211284438605162, 7.541846950835449 ], [ 1.21108953261773, 7.541712097717636 ], [ 1.210887821462687, 7.541587608674854 ], [ 1.210679858011508, 7.541473824911939 ], [ 1.210466212270692, 7.541371058291382 ], [ 1.210247469819485, 7.541279590478638 ], [ 1.210024230204948, 7.541199672170235 ], [ 1.209797105298761, 7.541131522406747 ], [ 1.209566717620254, 7.541075327972517 ], [ 1.20933369863029, 7.541031242883799 ], [ 1.209098687000646, 7.540999387966711 ], [ 1.20886232686364, 7.540979850526146 ], [ 1.208625266046812, 7.540972684106553 ], [ 1.208388154297481, 7.540977908345243 ], [ 1.208151641502057, 7.54099550891863 ], [ 1.20791637590496, 7.54102543758153 ], [ 1.207683002332065, 7.54106761229944 ], [ 1.2074521604235, 7.5411219174734 ], [ 1.207224482880666, 7.541188204256871 ], [ 1.207000593732262, 7.541266290963694 ], [ 1.206781106624087, 7.541355963566082 ], [ 1.206566623137284, 7.541456976281207 ], [ 1.206357731139639, 7.541569052244858 ], [ 1.206155003174462, 7.541691884270243 ], [ 1.205958994891445, 7.541825135689897 ], [ 1.205770243523824, 7.541968441278412 ], [ 1.205589266415977, 7.54212140825341 ], [ 1.20541655960554, 7.542283617352018 ], [ 1.205252596463883, 7.542454623979971 ], [ 1.205097826398701, 7.542633959430085 ], [ 1.20495267362226, 7.542821132166862 ], [ 1.204817535988684, 7.543015629173614 ], [ 1.204692783903452, 7.543216917358514 ], [ 1.20457875930812, 7.543424445015628 ], [ 1.204475774743029, 7.543637643336983 ], [ 1.204384112490581, 7.543855927971516 ], [ 1.20430402380142, 7.544078700626621 ], [ 1.20423572820566, 7.544305350707909 ], [ 1.204179412911027, 7.544535256992702 ], [ 1.20413523228958, 7.544767789332655 ], [ 1.204103307454415, 7.545002310380842 ], [ 1.204083725927519, 7.545238177338622 ], [ 1.204076541399673, 7.545474743717378 ], [ 1.204081773583086, 7.545711361110473 ], [ 1.204099408157139, 7.545947380970403 ], [ 1.204129396807419, 7.546182156386383 ], [ 1.204171657357918, 7.546415043857446 ], [ 1.20422607399604, 7.546645405056206 ], [ 1.204292497589811, 7.546872608578472 ], [ 1.204370746096422, 7.547096031673866 ], [ 1.20446060506097, 7.547315061952765 ], [ 1.204561828204068, 7.547529099064851 ], [ 1.204674138096677, 7.547737556344649 ], [ 1.204797226920344, 7.547939862419605 ], [ 1.204930757310742, 7.548135462776226 ], [ 1.205074363282211, 7.54832382128005 ], [ 1.205227651230772, 7.548504421645221 ], [ 1.205390201012859, 7.548676768849698 ], [ 1.205561567096811, 7.548840390492158 ], [ 1.205741279783982, 7.548994838086934 ], [ 1.205928846496108, 7.549139688293391 ], [ 1.206123753125407, 7.549274544076381 ], [ 1.206325465443725, 7.54939903579462 ], [ 1.206533430566841, 7.549512822213964 ], [ 1.20674707846994, 7.549615591442813 ], [ 1.206965823550086, 7.549707061787135 ], [ 1.207189066231411, 7.549786982522663 ], [ 1.207416194608639, 7.549855134582238 ], [ 1.207646586124407, 7.549911331156361 ], [ 1.207879609275812, 7.549955418205327 ], [ 1.208114625345482, 7.549987274881541 ], [ 1.208350990152456, 7.55000681386084 ], [ 1.208588055818026, 7.550013981581916 ], [ 1.208825172541751, 7.550008758393192 ], [ 1.20906169038272, 7.549991158606758 ], [ 1.209296961041232, 7.549961230459177 ], [ 1.209530339635959, 7.549919055979304 ], [ 1.209761186471752, 7.549864750763485 ], [ 1.209988868793227, 7.549798463658726 ], [ 1.21021276251933, 7.549720376354703 ], [ 1.210432253954105, 7.549630702885745 ], [ 1.210646741469009, 7.549529689044176 ], [ 1.210855637152121, 7.549417611706545 ], [ 1.211058368419755, 7.549294778074708 ], [ 1.211254379586032, 7.549161524833715 ], [ 1.211443133386131, 7.549018217228936 ], [ 1.211624112449021, 7.548865248064846 ], [ 1.211796820715646, 7.548703036628295 ], [ 1.211960784798683, 7.548532027539165 ], [ 1.212115555280122, 7.548352689531601 ], [ 1.212260707943136, 7.54816551416913 ], [ 1.212395844934846, 7.547971014497199 ], [ 1.212520595856803, 7.547769723636839 ], [ 1.212634618780197, 7.547562193323297 ], [ 1.212737601183005, 7.547348992393651 ], [ 1.212829260806515, 7.54713070522754 ], [ 1.212909346428887, 7.546907930145307 ], [ 1.212977638553607, 7.54668127776793 ], [ 1.213033950010979, 7.546451369343246 ], [ 1.213078126470986, 7.546218835043049 ], [ 1.213110046866123, 7.54598431223573 ], [ 1.213129623723052, 7.545748443739224 ], [ 1.213136803402155, 7.545511876058984 ], [ 1.213131566244349, 7.54527525761592 ], [ 1.213113926624751, 7.545039236969033 ], [ 1.213083932913056, 7.544804461037736 ], [ 1.213041667340725, 7.54457157332864 ], [ 1.212987245775375, 7.544341212171735 ], [ 1.212920817402962, 7.544114008970761 ], [ 1.212842564318653, 7.543890586472567 ], [ 1.212752701027505, 7.543671557060235 ] ] ], [ [ [ 1.223461043155752, 7.559012176425228 ], [ 1.223371172661242, 7.558793147363835 ], [ 1.223269937908093, 7.558579111938296 ], [ 1.22315761639026, 7.558370656800178 ], [ 1.223034515988338, 7.558168353304843 ], [ 1.222900974125514, 7.557972755945485 ], [ 1.222757356842568, 7.557784400833359 ], [ 1.222604057794449, 7.557603804228431 ], [ 1.222441497171186, 7.557431461124433 ], [ 1.222270120546092, 7.557267843892213 ], [ 1.222090397654408, 7.557113400985115 ], [ 1.221902821105754, 7.556968555709899 ], [ 1.221707905033901, 7.556833705066615 ], [ 1.221506183687572, 7.556709218660554 ], [ 1.221298209966129, 7.556595437689315 ], [ 1.221084553904175, 7.556492674007739 ], [ 1.220865801109195, 7.556401209273234 ], [ 1.220642551156556, 7.556321294173888 ], [ 1.220415415946217, 7.556253147741489 ], [ 1.220185018025706, 7.556196956751266 ], [ 1.219951988883906, 7.556152875210046 ], [ 1.219716967220369, 7.556121023934246 ], [ 1.219480597194868, 7.556101490218801 ], [ 1.219243526662, 7.55609432759797 ], [ 1.219006405395673, 7.556099555698685 ], [ 1.218769883308339, 7.556117160186804 ], [ 1.218534608669852, 7.556147092806437 ], [ 1.218301226330835, 7.556189271512274 ], [ 1.218070375955414, 7.556243580694461 ], [ 1.217842690268171, 7.556309871495499 ], [ 1.21761879332011, 7.556387962218263 ], [ 1.217399298778394, 7.556477638823982 ], [ 1.21718480824453, 7.556578655518895 ], [ 1.216975909605616, 7.556690735427924 ], [ 1.216773175423165, 7.556813571353477 ], [ 1.216577161363919, 7.556946826617447 ], [ 1.216388404676954, 7.557090135983915 ], [ 1.216207422721248, 7.557243106660168 ], [ 1.216034711547745, 7.55740531937322 ], [ 1.215870744539799, 7.557576329518912 ], [ 1.215715971115734, 7.557755668380452 ], [ 1.215570815497058, 7.557942844412993 ], [ 1.215435675545722, 7.558137344590832 ], [ 1.215310921673601, 7.558338635813461 ], [ 1.215196895827193, 7.558546166366614 ], [ 1.215093910550315, 7.558759367434393 ], [ 1.215002248127367, 7.558977654658204 ], [ 1.214922159809513, 7.559200429738334 ], [ 1.214853865125898, 7.559427082073744 ], [ 1.2147975512818, 7.559656990435558 ], [ 1.214753372645351, 7.559889524669722 ], [ 1.214721450324258, 7.560124047424106 ], [ 1.214701871833664, 7.560359915895364 ], [ 1.214694690856074, 7.560596483590708 ], [ 1.214699927094008, 7.560833102099858 ], [ 1.214709346551911, 7.560959139407156 ], [ 1.214647625415239, 7.5610306556539 ], [ 1.214502467993311, 7.561217830940786 ], [ 1.214367326277473, 7.561412330409868 ], [ 1.214242570684436, 7.561613620962587 ], [ 1.214128543165417, 7.561821150886518 ], [ 1.214025556268819, 7.56203435136749 ], [ 1.213933892283486, 7.562252638048525 ], [ 1.213853802464866, 7.562475412631406 ], [ 1.213785506346225, 7.562702064516453 ], [ 1.213729191136779, 7.56293197247604 ], [ 1.213685011208409, 7.563164506357211 ], [ 1.213653087672371, 7.563399028808814 ], [ 1.213633508047145, 7.563634897028329 ], [ 1.213626326018354, 7.563871464523671 ], [ 1.213631561291411, 7.564108082885114 ], [ 1.213649199537277, 7.564344103562472 ], [ 1.213679192431522, 7.564578879642688 ], [ 1.213721457786548, 7.564811767622946 ], [ 1.213775879776629, 7.565042129174437 ], [ 1.213842309255157, 7.565269332891956 ], [ 1.213920564163218, 7.565492756024567 ], [ 1.214010430028391, 7.56571178618251 ], [ 1.214111660552391, 7.565925823015755 ], [ 1.214223978285963, 7.566134279859559 ], [ 1.214347075389166, 7.56633658534253 ], [ 1.214480614474982, 7.566532184952762 ], [ 1.214624229533911, 7.566720542557808 ], [ 1.214777526937056, 7.566901141874248 ], [ 1.214940086514917, 7.567073487882878 ], [ 1.215111462708963, 7.567237108185637 ], [ 1.215291185792807, 7.5673915543005 ], [ 1.215478763159656, 7.567536402890873 ], [ 1.215673680672489, 7.567671256926018 ], [ 1.215875404073275, 7.567795746769427 ], [ 1.216083380447373, 7.56790953119208 ], [ 1.21629703973908, 7.568012298307853 ], [ 1.216515796314191, 7.568103766428498 ], [ 1.216739050565281, 7.568183684835844 ], [ 1.216966190555304, 7.568251834469114 ], [ 1.21719659369501, 7.568308028525469 ], [ 1.217429628449579, 7.56835211297212 ], [ 1.21766465606978, 7.568383966968618 ], [ 1.217901032342933, 7.568403503198165 ], [ 1.218138109358853, 7.568410668107007 ], [ 1.218375237285932, 7.568405442051304 ], [ 1.218611766152502, 7.568387839351024 ], [ 1.218847047628597, 7.568357908250754 ], [ 1.219080436803195, 7.568315730787467 ], [ 1.219311293952109, 7.56826142256573 ], [ 1.219538986291655, 7.568195132440805 ], [ 1.21976288971329, 7.568117042110689 ], [ 1.21998239049446, 7.568027365618043 ], [ 1.220196886980985, 7.567926348763514 ], [ 1.220405791236343, 7.567814268431944 ], [ 1.220608530653344, 7.567691431833427 ], [ 1.220804549523772, 7.56755817566118 ], [ 1.220993310561695, 7.567414865168639 ], [ 1.221174296376255, 7.567261893168227 ], [ 1.221347010889908, 7.56709967895459 ], [ 1.22151098069823, 7.566928667155257 ], [ 1.221665756367546, 7.566749326511818 ], [ 1.221810913666844, 7.566562148595048 ], [ 1.221946054730574, 7.566367646457411 ], [ 1.222070809149169, 7.566166353226712 ], [ 1.222184834984279, 7.565958820644704 ], [ 1.222287819705951, 7.565745617554687 ], [ 1.222379481049169, 7.565527328342228 ], [ 1.222459567787434, 7.565304551333278 ], [ 1.222527860421227, 7.565077897154095 ], [ 1.222584171779515, 7.564847987057438 ], [ 1.222628347532608, 7.564615451219676 ], [ 1.222660266614999, 7.564380927013403 ], [ 1.222679841557001, 7.564145057260362 ], [ 1.222687018724299, 7.56390848846944 ], [ 1.222681778464749, 7.563671869064557 ], [ 1.222672356776832, 7.563545831391214 ], [ 1.222734077311803, 7.563474313791184 ], [ 1.222879232807691, 7.563287135129954 ], [ 1.223014372107002, 7.563092632284793 ], [ 1.223139124805005, 7.562891338385437 ], [ 1.223253148968065, 7.562683805175473 ], [ 1.223356132070809, 7.562470601499914 ], [ 1.223447791852656, 7.56225231174592 ], [ 1.223527877091381, 7.56202953424093 ], [ 1.223596168291572, 7.561802879612546 ], [ 1.223652478286118, 7.561572969114768 ], [ 1.223696652749062, 7.561340432925054 ], [ 1.223728570618425, 7.561105908416954 ], [ 1.223748144427836, 7.560870038413037 ], [ 1.223755320546078, 7.560633469422877 ], [ 1.223750079323871, 7.560396849870934 ], [ 1.223732435147515, 7.560160828319225 ], [ 1.223702436399228, 7.559926051689609 ], [ 1.223660165324313, 7.559693163490579 ], [ 1.223605737805497, 7.559462802053434 ], [ 1.223539303045077, 7.559235598782646 ], [ 1.223461043155752, 7.559012176425228 ] ] ], [ [ [ 1.24373949913547, 7.561986274502988 ], [ 1.243638252863421, 7.561772241343484 ], [ 1.24352591987745, 7.561563789029934 ], [ 1.243402808089543, 7.561361488909939 ], [ 1.24326925495405, 7.561165895467404 ], [ 1.243125626542599, 7.560977544802824 ], [ 1.242972316540592, 7.560796953163961 ], [ 1.242809745168028, 7.560624615530913 ], [ 1.242638358027625, 7.560461004259537 ], [ 1.242458624883393, 7.560306567786824 ], [ 1.242271038372994, 7.560161729401909 ], [ 1.242076112657449, 7.560026886085963 ], [ 1.241874382011857, 7.55990240742421 ], [ 1.241666399361015, 7.559788634593042 ], [ 1.241452734763947, 7.559685879425015 ], [ 1.241233973851486, 7.559594423554231 ], [ 1.241010716221199, 7.559514517644524 ], [ 1.240783573794049, 7.559446380702528 ], [ 1.240553169137303, 7.5593901994775 ], [ 1.240320133758276, 7.559346127949556 ], [ 1.240085106373586, 7.559314286907712 ], [ 1.239848731158663, 7.559294763618901 ], [ 1.23961165598231, 7.559287611588865 ], [ 1.23937453063115, 7.559292850415559 ], [ 1.239138005028825, 7.559310465735495 ], [ 1.238902727454821, 7.559340409263149 ], [ 1.238669342767813, 7.559382598923367 ], [ 1.238438490638374, 7.559436919076324 ], [ 1.23821080379591, 7.559503220834503 ], [ 1.237986906294614, 7.559581322470789 ], [ 1.237767411803192, 7.559671009916547 ], [ 1.237552921923047, 7.559772037348356 ], [ 1.237344024539522, 7.559884127861727 ], [ 1.23714129221073, 7.560006974230058 ], [ 1.236945280598378, 7.560140239746631 ], [ 1.236756526944886, 7.560283559147461 ], [ 1.236575548600966, 7.560436539612345 ], [ 1.236402841607716, 7.560598761841482 ], [ 1.236238879337091, 7.560769781204637 ], [ 1.236084111194483, 7.560949128959753 ], [ 1.235938961386982, 7.561136313537606 ], [ 1.235803827760666, 7.561330821889062 ], [ 1.235679080710131, 7.561532120891194 ], [ 1.235565062163232, 7.561739658808396 ], [ 1.235462084643829, 7.561952866804551 ], [ 1.23537043041511, 7.562171160502047 ], [ 1.235290350705825, 7.562393941583399 ], [ 1.235222065021566, 7.562620599431066 ], [ 1.235165760542983, 7.562850512801034 ], [ 1.235121591612572, 7.563083051525471 ], [ 1.235089679311466, 7.563317578239886 ], [ 1.235070111127367, 7.563553450130026 ], [ 1.235062940714549, 7.563790020693683 ], [ 1.235068187746588, 7.564026641512667 ], [ 1.235085837862215, 7.56426266403 ], [ 1.235115842704456, 7.564497441327521 ], [ 1.235158120052949, 7.564730329899022 ], [ 1.235212554049075, 7.56496069141402 ], [ 1.235278995513292, 7.565187894467363 ], [ 1.235357262353804, 7.565411316309874 ], [ 1.235447140065445, 7.565630344555297 ], [ 1.23554838231742, 7.565844378858794 ], [ 1.235660711628283, 7.566052832562528 ], [ 1.235783820126312, 7.56625513430367 ], [ 1.235917370393202, 7.566450729580553 ], [ 1.236030643718226, 7.566599277464903 ], [ 1.236023786933634, 7.566609146791688 ], [ 1.235899037885676, 7.566810445483921 ], [ 1.235785017458613, 7.5670179831152 ], [ 1.235682038181468, 7.567231190850189 ], [ 1.235590382322258, 7.567449484312005 ], [ 1.235510301114209, 7.567672265183808 ], [ 1.235442014067035, 7.567898922848642 ], [ 1.235385708365133, 7.568128836062987 ], [ 1.235341538354366, 7.568361374659443 ], [ 1.235309625118842, 7.568595901273881 ], [ 1.235290056148836, 7.568831773092318 ], [ 1.235282885100794, 7.569068343612738 ], [ 1.235288131650045, 7.56930496441707 ], [ 1.235305781436659, 7.569540986948385 ], [ 1.235335786104579, 7.569775764288479 ], [ 1.235378063433933, 7.570008652931016 ], [ 1.235432497566168, 7.57023901454532 ], [ 1.235498939321383, 7.570466217725964 ], [ 1.235577206606996, 7.570689639723424 ], [ 1.235667084916631, 7.570908668151 ], [ 1.235768327917866, 7.571122702663365 ], [ 1.235880658127207, 7.571331156602091 ], [ 1.23600376767048, 7.571533458603709 ], [ 1.236137319126521, 7.571729054165826 ], [ 1.236280946451875, 7.571917407167058 ], [ 1.236434255983969, 7.572098001336586 ], [ 1.236596827520005, 7.57227034166929 ], [ 1.236768215468615, 7.572433955782659 ], [ 1.236947950071135, 7.572588395211636 ], [ 1.237135538689137, 7.572733236637941 ], [ 1.237330467154701, 7.572868083050486 ], [ 1.237532201179715, 7.572992564833672 ], [ 1.237740187820358, 7.573106340780591 ], [ 1.237953856992728, 7.573209099028374 ], [ 1.238172623035483, 7.573300557913108 ], [ 1.238395886315195, 7.573380466741975 ], [ 1.238623034870021, 7.573448606480496 ], [ 1.238853446087193, 7.573504790352992 ], [ 1.239086488409707, 7.573548864354638 ], [ 1.239321523067556, 7.57358070767367 ], [ 1.239557905828739, 7.5736002330226 ], [ 1.239794988765264, 7.573607386877562 ], [ 1.240032122029276, 7.573602149625072 ], [ 1.240268655634468, 7.573584535615845 ], [ 1.240503941237878, 7.573554593125519 ], [ 1.240737333917173, 7.573512404222354 ], [ 1.240968193938568, 7.573458084542318 ], [ 1.241195888510517, 7.573391782972144 ], [ 1.241419793518378, 7.573313681241255 ], [ 1.241639295235277, 7.573223993423605 ], [ 1.241853792004498, 7.573122965350926 ], [ 1.242062695888781, 7.573010873938854 ], [ 1.242265434281994, 7.572888026427891 ], [ 1.242461451478776, 7.572754759541207 ], [ 1.242650210197829, 7.57261143856162 ], [ 1.242831193054705, 7.572458456330328 ], [ 1.243003903980024, 7.572296232170032 ], [ 1.243167869579255, 7.572125210735535 ], [ 1.243322640430321, 7.571945860794843 ], [ 1.243467792315475, 7.571758673944206 ], [ 1.24360292738407, 7.571564163260578 ], [ 1.243727675243032, 7.571362861895165 ], [ 1.24384169397205, 7.571155321612004 ], [ 1.243944671060706, 7.570942111275475 ], [ 1.244036324264963, 7.570723815290971 ], [ 1.244116402380679, 7.570501032002976 ], [ 1.244184685932022, 7.570274372054912 ], [ 1.244240987772898, 7.57004445671531 ], [ 1.244285153599743, 7.569811916174864 ], [ 1.244317062374292, 7.569577387818998 ], [ 1.244336626655143, 7.569341514480777 ], [ 1.244343792837227, 7.569104942678863 ], [ 1.244338541298525, 7.568868320845367 ], [ 1.244320886453636, 7.5686322975485 ], [ 1.244290876714034, 7.568397519714852 ], [ 1.244248594355158, 7.568164630856164 ], [ 1.244194155290665, 7.567934269305479 ], [ 1.244127708754497, 7.567707066467527 ], [ 1.244049436891615, 7.56748364508808 ], [ 1.243959554258544, 7.567264617547067 ], [ 1.243858307235077, 7.567050584180103 ], [ 1.243745973348774, 7.566842131633063 ], [ 1.243622860514095, 7.566639831254172 ], [ 1.243489306188267, 7.566444237528039 ], [ 1.243376029889011, 7.566295691003504 ], [ 1.243382886526469, 7.56628582152123 ], [ 1.243507632389697, 7.566084519847376 ], [ 1.243621649240558, 7.565876979279648 ], [ 1.243724624573773, 7.565663768683194 ], [ 1.243816276150107, 7.565445472464122 ], [ 1.243896352769871, 7.565222688967547 ], [ 1.243964634961321, 7.564996028837465 ], [ 1.244020935582076, 7.564766113342897 ], [ 1.244065100331906, 7.564533572674961 ], [ 1.244097008175483, 7.56429904421943 ], [ 1.244116571673941, 7.564063170809641 ], [ 1.244123737224343, 7.563826598964447 ], [ 1.244118485206388, 7.563589977116083 ], [ 1.244100830035971, 7.563353953832802 ], [ 1.244070820125447, 7.563119176041156 ], [ 1.244028537750707, 7.562886287252768 ], [ 1.243974098825439, 7.562655925800501 ], [ 1.24390765258319, 7.562428723088815 ], [ 1.243829381168105, 7.562205301863141 ], [ 1.24373949913547, 7.561986274502988 ] ] ], [ [ [ 1.264043029896753, 7.568454437510132 ], [ 1.263871630418741, 7.56829083211055 ], [ 1.263691885104093, 7.56813640198089 ], [ 1.263504286623771, 7.567991570392901 ], [ 1.263309349171541, 7.56785673430912 ], [ 1.263107607054608, 7.56773226329497 ], [ 1.262899613229153, 7.567618498505891 ], [ 1.262685937784765, 7.567515751752421 ], [ 1.26246716638195, 7.56742430464562 ], [ 1.262243898646971, 7.567344407825339 ], [ 1.262016746528434, 7.567276280273337 ], [ 1.261786332620119, 7.567220108713168 ], [ 1.261553288454652, 7.567176047098513 ], [ 1.261318252772692, 7.567144216191257 ], [ 1.261081869772377, 7.567124703230615 ], [ 1.260844787343814, 7.56711756169407 ], [ 1.260607655293481, 7.567122811150873 ], [ 1.260371123563361, 7.567140437208448 ], [ 1.260135840449724, 7.567170391551917 ], [ 1.259902450826422, 7.567212592076525 ], [ 1.259671594377556, 7.567266923112729 ], [ 1.259443903844381, 7.567333235743237 ], [ 1.259220003291215, 7.56741134821119 ], [ 1.25900050639515, 7.567501046418318 ], [ 1.258786014764205, 7.567602084511742 ], [ 1.258577116288552, 7.567714185557808 ], [ 1.258374383529335, 7.567837042301072 ], [ 1.258178372149482, 7.567970318006426 ], [ 1.25798961939082, 7.568113647381981 ], [ 1.257808642601661, 7.568266637580222 ], [ 1.257635937818896, 7.568428869274689 ], [ 1.257471978408473, 7.568599897809225 ], [ 1.257317213768009, 7.568779254416629 ], [ 1.257172068095054, 7.568966447503425 ], [ 1.257036939224415, 7.569160963997152 ], [ 1.256912197537715, 7.56936227075255 ], [ 1.256798184948168, 7.569569816012753 ], [ 1.256695213963369, 7.569783030921487 ], [ 1.256603566828653, 7.570001331082175 ], [ 1.256523494753382, 7.570224118159573 ], [ 1.25645521722228, 7.570450781519683 ], [ 1.256398921393697, 7.570680699903326 ], [ 1.256354761586469, 7.570913243128885 ], [ 1.256322858856764, 7.571147773819488 ], [ 1.256303300666085, 7.571383649149925 ], [ 1.256296140641348, 7.571620222608509 ], [ 1.25630139842768, 7.571856845769053 ], [ 1.256319059634356, 7.572092870068109 ], [ 1.256349075874014, 7.572327648582573 ], [ 1.25639136489506, 7.572560537802836 ], [ 1.256445810806881, 7.572790899396586 ], [ 1.256512264397269, 7.573018101958402 ], [ 1.256590543541179, 7.573241522740397 ], [ 1.256680433699702, 7.573460549359168 ], [ 1.256781688507902, 7.57367458147429 ], [ 1.256894030449886, 7.573883032433876 ], [ 1.257017151619275, 7.574085330882585 ], [ 1.257150714562992, 7.574280922327733 ], [ 1.257294353206045, 7.5744692706592 ], [ 1.257437307543301, 7.574637649648555 ], [ 1.257476579481734, 7.574733339142042 ], [ 1.257577834879184, 7.574947371217253 ], [ 1.257690177441139, 7.575155822122021 ], [ 1.257813299259522, 7.57535812050115 ], [ 1.257946862879476, 7.575553711862143 ], [ 1.258090502224153, 7.575742060095111 ], [ 1.258243823597982, 7.575922648942272 ], [ 1.258406406765651, 7.576094983413098 ], [ 1.25857780610385, 7.576258591141124 ], [ 1.258757551822637, 7.576413023678787 ], [ 1.258945151253054, 7.57655785772671 ], [ 1.259140090197484, 7.576692696294035 ], [ 1.259341834339035, 7.57681716978668 ], [ 1.259549830706097, 7.576930937020482 ], [ 1.259763509188053, 7.57703368615648 ], [ 1.25998228409799, 7.577125135555775 ], [ 1.260205555778125, 7.577205034551579 ], [ 1.260432712243543, 7.577273164136409 ], [ 1.260663130859753, 7.577329337562464 ], [ 1.260896180049432, 7.577373400853602 ], [ 1.261131221023719, 7.577405233227461 ], [ 1.261367609533274, 7.577424747426619 ], [ 1.261604697634327, 7.577431889957823 ], [ 1.261841835464854, 7.577426641238683 ], [ 1.262078373026023, 7.577409015651405 ], [ 1.262313661964027, 7.577379061503422 ], [ 1.262547057347396, 7.577336860894997 ], [ 1.262777919434946, 7.577282529494247 ], [ 1.263005615429484, 7.577216216220087 ], [ 1.263229521212492, 7.577138102834062 ], [ 1.263449023054999, 7.577048403442132 ], [ 1.26366351929998, 7.576947363907791 ], [ 1.263872422011652, 7.576835261178139 ], [ 1.264075158587139, 7.576712402524732 ], [ 1.26427117332611, 7.576579124701311 ], [ 1.264459928954058, 7.576435793020699 ], [ 1.264640908095061, 7.576282800353439 ], [ 1.26481361468998, 7.576120566050862 ], [ 1.264977575356214, 7.575949534795576 ], [ 1.265132340685267, 7.575770175382504 ], [ 1.265277486474589, 7.575582979433863 ], [ 1.265412614890301, 7.575388460051523 ], [ 1.265537355557623, 7.575187150410526 ], [ 1.265651366576016, 7.574979602297566 ], [ 1.265754335456253, 7.574766384598456 ], [ 1.265845979976847, 7.574548081738746 ], [ 1.265926048957511, 7.574325292081714 ], [ 1.265994322947497, 7.574098626288202 ], [ 1.266050614826958, 7.573868705642723 ], [ 1.266094770319674, 7.573636160350456 ], [ 1.266126668415735, 7.5734016278098 ], [ 1.266146221703035, 7.573165750865235 ], [ 1.26615337660666, 7.57292917604525 ], [ 1.266148113535518, 7.572692551790166 ], [ 1.266130446935824, 7.572456526674784 ], [ 1.266100425251277, 7.572221747630608 ], [ 1.266058130790048, 7.571988858172639 ], [ 1.266003679498958, 7.571758496635514 ], [ 1.265937220645441, 7.571531294423867 ], [ 1.2658589364082, 7.571307874281699 ], [ 1.265769041377646, 7.571088848585498 ], [ 1.265667781967519, 7.570874817665779 ], [ 1.26555543573929, 7.570666368161668 ], [ 1.265432310641206, 7.570464071413011 ], [ 1.265298744164056, 7.570268481894436 ], [ 1.265155102415991, 7.570080135695656 ], [ 1.265012145601712, 7.5699117588676 ], [ 1.26497287203866, 7.569816069755125 ], [ 1.264871613217922, 7.569602038794844 ], [ 1.264759267609699, 7.569393589235278 ], [ 1.264636143160537, 7.569191292416432 ], [ 1.264502577359447, 7.56899570281313 ], [ 1.264358936312728, 7.568807356515316 ], [ 1.264205613740363, 7.568626769758748 ], [ 1.264043029896753, 7.568454437510132 ] ] ], [ [ [ 1.232378374570286, 7.570741822845243 ], [ 1.232266046341405, 7.570533368421411 ], [ 1.232142938963095, 7.570331065822124 ], [ 1.23200938987766, 7.570135469538096 ], [ 1.231865765145666, 7.569947115677607 ], [ 1.231712458442463, 7.569766520497173 ], [ 1.231549889979046, 7.569594178986599 ], [ 1.231378505350192, 7.56943056351235 ], [ 1.231198774313054, 7.569276122522938 ], [ 1.23101118949955, 7.569131279319851 ], [ 1.230816265066069, 7.568996430897451 ], [ 1.23061453528422, 7.568871946854932 ], [ 1.230406553076449, 7.56875816838342 ], [ 1.230192888500579, 7.568655407330899 ], [ 1.229974127187393, 7.568563945347563 ], [ 1.229750868735561, 7.568484033113983 ], [ 1.229523725068299, 7.568415889654098 ], [ 1.229293318756272, 7.568359701734985 ], [ 1.229060281311322, 7.568315623355084 ], [ 1.228825251455719, 7.568283775322158 ], [ 1.228588873371651, 7.568264244922272 ], [ 1.228351794935765, 7.568257085680624 ], [ 1.228114665943596, 7.568262317214902 ], [ 1.22787813632874, 7.568279925181574 ], [ 1.227642854381653, 7.568309861315256 ], [ 1.227409464972963, 7.568352043561022 ], [ 1.227178607786153, 7.568406356299348 ], [ 1.226950915564454, 7.56847265066302 ], [ 1.226727012376766, 7.568550744945171 ], [ 1.226507511907342, 7.568640425097309 ], [ 1.226293015773931, 7.568741445315981 ], [ 1.226084111878976, 7.56885352871647 ], [ 1.225881372798399, 7.568976368091657 ], [ 1.225685354212375, 7.56910962675399 ], [ 1.225496593382397, 7.56925293945827 ], [ 1.225315607678813, 7.569405913402651 ], [ 1.225142893162859, 7.569568129305213 ], [ 1.224978923227074, 7.569739142553078 ], [ 1.224824147297833, 7.56991848442095 ], [ 1.22467898960354, 7.570105663355767 ], [ 1.224543848011866, 7.570300166323879 ], [ 1.224419092939219, 7.570501460217129 ], [ 1.224305066335424, 7.570708993313949 ], [ 1.224202080746414, 7.570922196791459 ], [ 1.224110418457485, 7.571140486284455 ], [ 1.224030330719471, 7.571363263487003 ], [ 1.223962037059975, 7.57158991779224 ], [ 1.223905724681506, 7.57181982796588 ], [ 1.223861547948221, 7.572052363848881 ], [ 1.223829627962652, 7.572286888084585 ], [ 1.223810052233579, 7.572522757865562 ], [ 1.223802874435975, 7.572759326695413 ], [ 1.22380811426368, 7.572995946160732 ], [ 1.223825757375197, 7.57323196770828 ], [ 1.22383362134966, 7.573293514298354 ], [ 1.223736918862462, 7.573201192672197 ], [ 1.223557190030679, 7.573046748822039 ], [ 1.22336960719777, 7.572901902563859 ], [ 1.223174684514714, 7.572767050900381 ], [ 1.222972956248336, 7.572642563439681 ], [ 1.222764975316945, 7.572528781382231 ], [ 1.222551311774877, 7.572426016585829 ], [ 1.222332551250091, 7.57233455071092 ], [ 1.222109293339105, 7.572254634448723 ], [ 1.221882149963658, 7.57218648683419 ], [ 1.221651743693615, 7.572130294645778 ], [ 1.221418706040709, 7.572086211893601 ], [ 1.221183675727775, 7.572054359397388 ], [ 1.22094729693825, 7.572034824455417 ], [ 1.22071021755071, 7.572027660605313 ], [ 1.220473087363287, 7.572032887477375 ], [ 1.220236556312844, 7.572050490740832 ], [ 1.220001272693758, 7.572080422143164 ], [ 1.219767881381224, 7.572122599642399 ], [ 1.219537022063927, 7.57217690763201 ], [ 1.219309327490919, 7.572243197257774 ], [ 1.219085421737524, 7.5723212868258 ], [ 1.218865918495007, 7.572410962300507 ], [ 1.218651419388697, 7.572511977891248 ], [ 1.21844251232916, 7.572624056725981 ], [ 1.21823976990097, 7.572746891610095 ], [ 1.218043747793454, 7.572880145868345 ], [ 1.217854983277734, 7.573023454267595 ], [ 1.217673993734238, 7.573176424017801 ], [ 1.217501275234703, 7.573338635848542 ], [ 1.217337301182566, 7.573509645158102 ], [ 1.217182521015464, 7.573688983231983 ], [ 1.217037358973396, 7.573876158527533 ], [ 1.216902212935934, 7.574070658021086 ], [ 1.216777453331654, 7.574271948614028 ], [ 1.216663422122789, 7.574479478593839 ], [ 1.216560431867881, 7.574692679146202 ], [ 1.216468764865003, 7.57491096591395 ], [ 1.216388672377907, 7.575133740598637 ], [ 1.216320373947201, 7.575360392600311 ], [ 1.216264056788472, 7.575590300691028 ], [ 1.21621987527898, 7.57582283471748 ], [ 1.216187950534347, 7.576057357328108 ], [ 1.216168370076402, 7.576293225719958 ], [ 1.216161187593088, 7.576529793400471 ], [ 1.216166422791094, 7.5767664119594 ], [ 1.216184061341627, 7.577002432846018 ], [ 1.216214054919453, 7.577237209146687 ], [ 1.216256321335132, 7.577470097357967 ], [ 1.216310744760061, 7.577700459150408 ], [ 1.216377176043729, 7.577927663118132 ], [ 1.2164554331223, 7.578151086509501 ], [ 1.216545301517425, 7.578370116934031 ], [ 1.216646534923907, 7.57858415404094 ], [ 1.216758855884605, 7.578792611164729 ], [ 1.216878853044391, 7.578989816579223 ], [ 1.216820382392132, 7.579003570532539 ], [ 1.21659268390374, 7.57906985778544 ], [ 1.216368774171657, 7.579147944997291 ], [ 1.216149266898034, 7.579237618138963 ], [ 1.215934763719229, 7.579338631426211 ], [ 1.215725852556956, 7.579450707993305 ], [ 1.215523106007014, 7.579573540651856 ], [ 1.215327079770012, 7.579706792732722 ], [ 1.215138311128379, 7.579850099008744 ], [ 1.214957317473838, 7.580003066695699 ], [ 1.214784594889385, 7.580165276528829 ], [ 1.214620616789643, 7.580336283911905 ], [ 1.214465832623336, 7.580515620135721 ], [ 1.214320666641422, 7.580702793662704 ], [ 1.214185516734269, 7.580897291474042 ], [ 1.214060753341057, 7.581098580475746 ], [ 1.213946718434407, 7.581306108959671 ], [ 1.213900939441827, 7.581400872348423 ], [ 1.213682682208789, 7.581309612492841 ], [ 1.213459422692123, 7.581229691118094 ], [ 1.213232277356772, 7.581161538235694 ], [ 1.213001868777967, 7.581105340638501 ], [ 1.212768828473755, 7.58106125235143 ], [ 1.212533795174228, 7.581029394209358 ], [ 1.21229741307099, 7.581009853526007 ], [ 1.212060330051677, 7.581002683854718 ], [ 1.211823195924357, 7.581007904841718 ], [ 1.211586660636663, 7.581025502172347 ], [ 1.211351372494559, 7.581055427610324 ], [ 1.21111797638561, 7.581097599130007 ], [ 1.210887112011612, 7.581151901141236 ], [ 1.210659412135446, 7.581218184806165 ], [ 1.21043550084694, 7.581296268447224 ], [ 1.210215991852494, 7.581385938045067 ], [ 1.210001486793168, 7.581486947825145 ], [ 1.209792573595813, 7.581599020931341 ], [ 1.209589824861791, 7.581721850184738 ], [ 1.20939379629768, 7.581855098925528 ], [ 1.209205025192268, 7.581998401935699 ], [ 1.209024028944017, 7.582151366439985 ], [ 1.208851303643012, 7.582313573182348 ], [ 1.208687322711307, 7.582484577575023 ], [ 1.208532535605372, 7.582663910917025 ], [ 1.208387366584206, 7.582851081678665 ], [ 1.208252213546493, 7.583045576848725 ], [ 1.208127446939982, 7.583246863340464 ], [ 1.208013408746088, 7.583454389452623 ], [ 1.207910411542491, 7.583667586381511 ], [ 1.207818737646308, 7.58388586977991 ], [ 1.207738638340183, 7.58410864135864 ], [ 1.207670333183421, 7.584335290526293 ], [ 1.207614009410049, 7.584565196062704 ], [ 1.20756982141547, 7.5847977278216 ], [ 1.207537890333093, 7.585032248457667 ], [ 1.207518303702138, 7.585268115173386 ], [ 1.207511115227487, 7.58550468148081 ], [ 1.207516344632275, 7.585741298973493 ], [ 1.207533977603612, 7.585977319103645 ], [ 1.207563965831584, 7.586212094959717 ], [ 1.207606227141445, 7.586444983039519 ], [ 1.207660645718618, 7.586675345013973 ], [ 1.207727072425912, 7.586902549476722 ], [ 1.207805325212068, 7.58712597367478 ], [ 1.207895189610536, 7.587345005215461 ], [ 1.207996419327108, 7.587559043744939 ], [ 1.208108736914793, 7.587767502593813 ], [ 1.208231834534097, 7.587969810385173 ], [ 1.208365374796629, 7.588165412600776 ], [ 1.208508991689703, 7.58835377310101 ], [ 1.208662291579426, 7.588534375594493 ], [ 1.20882485428951, 7.588706725053297 ], [ 1.208996234252861, 7.588870349069865 ], [ 1.209175961732773, 7.58902479915197 ], [ 1.209363544110413, 7.589169651952114 ], [ 1.209558467235027, 7.589304510427985 ], [ 1.209760196833199, 7.589429004930873 ], [ 1.209968179973289, 7.58954279421896 ], [ 1.210181846581033, 7.589645566392742 ], [ 1.210400611002148, 7.589737039750077 ], [ 1.210623873607675, 7.589816963558415 ], [ 1.210851022437634, 7.589885118742137 ], [ 1.211081434878506, 7.589941318483169 ], [ 1.211314479369931, 7.589985408733104 ], [ 1.211394535849436, 7.589996260584897 ], [ 1.211473988505145, 7.590100464859606 ], [ 1.211627290326605, 7.590281066726171 ], [ 1.211789854971915, 7.590453415490924 ], [ 1.211961236868668, 7.590617038748198 ], [ 1.212140966274853, 7.590771488007855 ], [ 1.212328550566345, 7.590916339924639 ], [ 1.212523475587137, 7.591051197458669 ], [ 1.212725207058606, 7.591175690963814 ], [ 1.212933192043969, 7.591289479200983 ], [ 1.213146860463893, 7.591392250273567 ], [ 1.213365626659121, 7.591483722482447 ], [ 1.21358889099582, 7.591563645098209 ], [ 1.213816041509255, 7.591631799048526 ], [ 1.214046455581288, 7.5916879975187 ], [ 1.214279501647077, 7.591732086463814 ], [ 1.214514540926333, 7.591763945031078 ], [ 1.214750929174361, 7.591783485891141 ], [ 1.214759920534421, 7.591783757792475 ], [ 1.214842641423248, 7.591854842419767 ], [ 1.215030227277982, 7.591999693482724 ], [ 1.215225153834491, 7.592134550107413 ], [ 1.215426886809933, 7.592259042650197 ], [ 1.215634873263395, 7.592372829874634 ], [ 1.215848543111512, 7.592475599886888 ], [ 1.216067310691106, 7.592567070990743 ], [ 1.21629057636454, 7.592646992459831 ], [ 1.216517728163412, 7.592715145224963 ], [ 1.216748143466049, 7.592771342474695 ], [ 1.216981190704233, 7.592815430167472 ], [ 1.217216231094456, 7.592847287453926 ], [ 1.217452620388971, 7.592866827008237 ], [ 1.217689710641835, 7.592873995267533 ], [ 1.217926851985092, 7.592868772578788 ], [ 1.218163394410235, 7.592851173252745 ], [ 1.218398689550067, 7.592821245524735 ], [ 1.218632092456048, 7.592779071422504 ], [ 1.218862963366292, 7.592724766541406 ], [ 1.219090669459335, 7.592658479727577 ], [ 1.219314586588877, 7.592580392669942 ], [ 1.21953410099474, 7.592490719402218 ], [ 1.219748610985349, 7.592389705716229 ], [ 1.219957528587125, 7.592277628488159 ], [ 1.220160281156256, 7.592154794919622 ], [ 1.220356312948447, 7.592021541695561 ], [ 1.22054508664232, 7.591878234061356 ], [ 1.220726084812308, 7.591725264821632 ], [ 1.220898811346989, 7.591563053263498 ], [ 1.221062792808986, 7.59139204400723 ], [ 1.221217579732682, 7.591212705787489 ], [ 1.221362747856226, 7.591025530168434 ], [ 1.221497899284415, 7.590831030196266 ], [ 1.221622663579294, 7.590629738992879 ], [ 1.221736698775474, 7.590422208294507 ], [ 1.221839692317377, 7.590209006939313 ], [ 1.221931361915853, 7.589990719308132 ], [ 1.22201145632182, 7.589767943722604 ], [ 1.222079756014796, 7.589541290805109 ], [ 1.222136073804453, 7.589311381804968 ], [ 1.222180255343532, 7.58907884689556 ], [ 1.222212179550729, 7.588844323446947 ], [ 1.222231758942376, 7.588608454278804 ], [ 1.222238939872028, 7.588371885898423 ], [ 1.222233702677293, 7.588135266728602 ], [ 1.222216061733509, 7.587899245330311 ], [ 1.222186065414111, 7.587664468624988 ], [ 1.222143795957818, 7.587431580121329 ], [ 1.222089369242995, 7.587201218151457 ], [ 1.222022934469806, 7.586974014121293 ], [ 1.22194467375105, 7.586750590779912 ], [ 1.221854801612786, 7.586531560512647 ], [ 1.22175356440612, 7.586317523662617 ], [ 1.221641239631788, 7.58610906688526 ], [ 1.221614926344057, 7.586065824607504 ], [ 1.221629381805131, 7.586047185793659 ], [ 1.221764531055803, 7.585852685307843 ], [ 1.221889293268933, 7.58565139362249 ], [ 1.222003326484834, 7.585443862475135 ], [ 1.222106318153349, 7.585230660705171 ], [ 1.222197985990454, 7.585012372694566 ], [ 1.222278078751886, 7.584789596765999 ], [ 1.222346376921661, 7.584562943542776 ], [ 1.222402693313615, 7.58433303427506 ], [ 1.222446873584308, 7.584100499136953 ], [ 1.2224787966559, 7.583865975499147 ], [ 1.222498375047823, 7.583630106181829 ], [ 1.222505555116358, 7.583393537692698 ], [ 1.222500317201461, 7.583156918454848 ], [ 1.222482675680429, 7.582920897029442 ], [ 1.222452678928266, 7.582686120337985 ], [ 1.222410409184863, 7.582453231889138 ], [ 1.222355982329359, 7.58222287001488 ], [ 1.222289547562292, 7.581995666120866 ], [ 1.222211286996432, 7.581772242955801 ], [ 1.222121415157406, 7.581553212904546 ], [ 1.222020178395492, 7.581339176309621 ], [ 1.221907854210195, 7.581130719825777 ], [ 1.221787854070343, 7.580933515147239 ], [ 1.221846324995612, 7.580919760551085 ], [ 1.222074024360617, 7.580853470591941 ], [ 1.222297934703119, 7.580775380414248 ], [ 1.222517442281574, 7.580685704060271 ], [ 1.22273194542315, 7.58058468733029 ], [ 1.222940856173066, 7.580472607108826 ], [ 1.223143601906317, 7.580349770605687 ], [ 1.223339626897367, 7.580216514513852 ], [ 1.223528393843499, 7.580073204086547 ], [ 1.223709385337657, 7.579920232136035 ], [ 1.223882105286734, 7.57975801795685 ], [ 1.224046080271409, 7.579587006176438 ], [ 1.22420086084383, 7.579407665536356 ], [ 1.224346022759556, 7.579220487607383 ], [ 1.224481168140399, 7.579025985442033 ], [ 1.224605926564978, 7.578824692168196 ], [ 1.224719956083986, 7.578617159527762 ], [ 1.224822944157395, 7.578403956364197 ], [ 1.224914608511029, 7.578185667063281 ], [ 1.224994697910167, 7.577962889951213 ], [ 1.225062992848031, 7.577736235654537 ], [ 1.225119306147302, 7.577506325426342 ], [ 1.225163483473006, 7.577273789443357 ], [ 1.225195403755359, 7.577039265078574 ], [ 1.225214979521421, 7.576803395154171 ], [ 1.225222157134655, 7.576566826179496 ], [ 1.225216916941729, 7.576330206578968 ], [ 1.225199273326163, 7.576094184914731 ], [ 1.225191409193785, 7.576032638300088 ], [ 1.225288112557575, 7.576124959810021 ], [ 1.225467843194104, 7.576279403363706 ], [ 1.225655428138297, 7.576424249197799 ], [ 1.225850353232331, 7.576559100289114 ], [ 1.226052084197364, 7.576683587009217 ], [ 1.226260068097983, 7.576797368137647 ], [ 1.226425639285085, 7.576877000101634 ], [ 1.226427383722008, 7.576890652202612 ], [ 1.226469655870024, 7.577123540692313 ], [ 1.226524085024241, 7.57735390246156 ], [ 1.226590522018429, 7.577581106104522 ], [ 1.226668784773085, 7.577804528870421 ], [ 1.226758658794286, 7.578023558370465 ], [ 1.22685989776139, 7.578237594256394 ], [ 1.226972224201997, 7.578446049866027 ], [ 1.227095330252292, 7.578648353831324 ], [ 1.227228878500714, 7.578843951644505 ], [ 1.227372502912633, 7.579032307178021 ], [ 1.227525809833489, 7.579212904154105 ], [ 1.227688379067668, 7.57938524755995 ], [ 1.227859765030138, 7.579548865004606 ], [ 1.228039497967703, 7.579703308013864 ], [ 1.228227085246518, 7.579848153259637 ], [ 1.228422012702355, 7.579983003720344 ], [ 1.228623746049885, 7.580107489769278 ], [ 1.228831732347157, 7.580221270187812 ], [ 1.229045401511221, 7.580324033100802 ], [ 1.229264167880766, 7.580415496831531 ], [ 1.229487431821469, 7.580495410673873 ], [ 1.229714581369678, 7.58056355557958 ], [ 1.2299449939099, 7.580619744758784 ], [ 1.230178037881498, 7.580663824192096 ], [ 1.230413074509936, 7.580695673052825 ], [ 1.230649459557801, 7.580715204038286 ], [ 1.230886545090816, 7.580722363609129 ], [ 1.231123681253992, 7.580717132136177 ], [ 1.231360218053056, 7.580699523954282 ], [ 1.231595507136269, 7.580669587323089 ], [ 1.231828903571733, 7.580627404294772 ], [ 1.232059767615343, 7.580573090489181 ], [ 1.2322874664645, 7.580506794776936 ], [ 1.232511375992808, 7.580428698871377 ], [ 1.232730882460971, 7.580339016830488 ], [ 1.232945384199221, 7.58023799447015 ], [ 1.233154293256647, 7.580125908690341 ], [ 1.233357037012905, 7.580003066716113 ], [ 1.233553059747904, 7.579869805255461 ], [ 1.233741824165136, 7.579726489576328 ], [ 1.233922812864507, 7.579573512505387 ], [ 1.234095529760593, 7.579411293351205 ], [ 1.234259501442474, 7.579240276754865 ], [ 1.234414278471377, 7.579060931471123 ], [ 1.234559436612599, 7.578873749083487 ], [ 1.234694577998329, 7.578679242656679 ], [ 1.234819332218159, 7.578477945330261 ], [ 1.234933357334332, 7.578270408857219 ], [ 1.235036340818912, 7.57805720209151 ], [ 1.235128000410323, 7.577838909428767 ], [ 1.235208084886916, 7.577616129204384 ], [ 1.235276374755421, 7.577389472053411 ], [ 1.235332682852429, 7.577159559236747 ], [ 1.23537685485724, 7.576927020938183 ], [ 1.235408769714661, 7.576692494537036 ], [ 1.235428339966629, 7.576456622861033 ], [ 1.235435511991726, 7.576220052424303 ], [ 1.235430266151935, 7.575983431655247 ], [ 1.235412616846253, 7.575747409119176 ], [ 1.235382612470998, 7.575512631740621 ], [ 1.235340335286927, 7.57527974303009 ], [ 1.235285901193544, 7.575049381320245 ], [ 1.235219459411188, 7.574822178016269 ], [ 1.235141192071826, 7.574598755865227 ], [ 1.235051313719612, 7.574379727249171 ], [ 1.234950070722636, 7.574165692506677 ], [ 1.234837740597454, 7.573957238287401 ], [ 1.234714631248249, 7.573754935944147 ], [ 1.234581080122724, 7.573559339966926 ], [ 1.234437453287034, 7.573370986463169 ], [ 1.234284144422291, 7.573190391688406 ], [ 1.234121573745409, 7.573018050631324 ], [ 1.233950186857225, 7.572854435657147 ], [ 1.233770453521079, 7.572699995213003 ], [ 1.233582866375181, 7.572555152598889 ], [ 1.233387939582305, 7.572420304807545 ], [ 1.233186207420515, 7.572295821436435 ], [ 1.232978222818771, 7.572182043674847 ], [ 1.232812651442198, 7.57210241432389 ], [ 1.2328109067824, 7.572088762203601 ], [ 1.232768630946, 7.571855873604321 ], [ 1.232714198302537, 7.571625511952991 ], [ 1.232647758068375, 7.571398308654637 ], [ 1.23256949237123, 7.571174886456324 ], [ 1.232479615750753, 7.570955857740239 ], [ 1.232378374570286, 7.570741822845243 ] ] ], [ [ [ 1.256824692666569, 7.582862851297595 ], [ 1.256723436724496, 7.582648818784743 ], [ 1.256611093565198, 7.58244036736221 ], [ 1.256487971128545, 7.582238068375097 ], [ 1.256354406898071, 7.582042476304168 ], [ 1.256210766975802, 7.581854127246118 ], [ 1.256057445078673, 7.581673537444269 ], [ 1.255894861459258, 7.581501201873659 ], [ 1.255723461753816, 7.58133759288445 ], [ 1.255543715760753, 7.581183158907361 ], [ 1.25535611615291, 7.581038323224663 ], [ 1.255161177127154, 7.580903482810099 ], [ 1.254959432995015, 7.580779007240925 ], [ 1.254751436718199, 7.580665237685055 ], [ 1.254537758393016, 7.580562485966055 ], [ 1.254318983687862, 7.58047103370858 ], [ 1.254095712238043, 7.580391131566562 ], [ 1.253868556002333, 7.580322998536317 ], [ 1.253638137585781, 7.580266821356397 ], [ 1.253405088533349, 7.580222753995847 ], [ 1.253170047599064, 7.580190917232287 ], [ 1.252933658995432, 7.580171398320948 ], [ 1.252696570627888, 7.580164250755601 ], [ 1.252459432319152, 7.580169494121999 ], [ 1.252222894028327, 7.580187114044244 ], [ 1.251987604069624, 7.580217062224243 ], [ 1.251754207335618, 7.580259256574129 ], [ 1.251523343529858, 7.580313581441263 ], [ 1.25129564541372, 7.580379887925254 ], [ 1.251071737072268, 7.580457994286078 ], [ 1.250852232203896, 7.580547686442197 ], [ 1.250637732438433, 7.580648718557319 ], [ 1.250428825688308, 7.580760813714166 ], [ 1.250226084537306, 7.58088366467345 ], [ 1.250030064671318, 7.581016934715909 ], [ 1.2498413033554, 7.581160258565195 ], [ 1.249660317961285, 7.581313243388943 ], [ 1.249487604549421, 7.581475469875444 ], [ 1.249323636509384, 7.581646493382822 ], [ 1.249168863262424, 7.581825845157686 ], [ 1.249023709029661, 7.582013033619819 ], [ 1.248888571669354, 7.58220754570945 ], [ 1.248763821586385, 7.582408848293429 ], [ 1.248649800716978, 7.582616389626335 ], [ 1.248546821591421, 7.582829600862702 ], [ 1.248455166477369, 7.583047897616026 ], [ 1.248375086606063, 7.583270681560445 ], [ 1.248306801483607, 7.583497342070571 ], [ 1.248250498289179, 7.583727257895062 ], [ 1.248206331361823, 7.583959798859347 ], [ 1.248174421777248, 7.584194327592775 ], [ 1.248154857015775, 7.584430201275529 ], [ 1.248147690722362, 7.58466677340046 ], [ 1.248152942559351, 7.58490339554506 ], [ 1.248170598152361, 7.585139419148691 ], [ 1.248200609129456, 7.585374197290166 ], [ 1.248242893253506, 7.58560708646093 ], [ 1.248297334647362, 7.585837448328805 ], [ 1.248363784111243, 7.586064651487636 ], [ 1.248442059531453, 7.586288073187915 ], [ 1.248531946379335, 7.586507101043718 ], [ 1.248633198299069, 7.586721134711241 ], [ 1.248745537782716, 7.586929587534342 ], [ 1.248868656930678, 7.587131888152567 ], [ 1.249002218295452, 7.587327482067281 ], [ 1.249145855806408, 7.58751583316159 ], [ 1.249299175773034, 7.587696425169862 ], [ 1.249461757963902, 7.587868763092884 ], [ 1.249633156758409, 7.588032374554722 ], [ 1.249812902368125, 7.588186811097565 ], [ 1.250000502124412, 7.588331649411034 ], [ 1.250195441828775, 7.588466492492559 ], [ 1.250397187162251, 7.588590970735663 ], [ 1.250605185149971, 7.588704742943139 ], [ 1.250818865676879, 7.588807497262368 ], [ 1.251037643050458, 7.588898952040215 ], [ 1.251260917606164, 7.588978856595121 ], [ 1.251488077351196, 7.58904699190434 ], [ 1.251600986614463, 7.589074520348253 ], [ 1.251599302304524, 7.589130132042619 ], [ 1.251604555533719, 7.589366754542474 ], [ 1.251622212666203, 7.589602778431034 ], [ 1.25165222532583, 7.589837556786343 ], [ 1.25169451127087, 7.590070446099236 ], [ 1.25174895461919, 7.590300808037138 ], [ 1.251815406165657, 7.590528011193687 ], [ 1.251893683790876, 7.590751432819372 ], [ 1.251983572960147, 7.590970460528464 ], [ 1.25208482731129, 7.591184493977551 ], [ 1.252197169329703, 7.591392946511077 ], [ 1.252320291108839, 7.591595246769375 ], [ 1.252453855193981, 7.591790840254784 ], [ 1.252597495507038, 7.591979190851577 ], [ 1.252750818349811, 7.592159782295478 ], [ 1.252913403482983, 7.592332119588817 ], [ 1.253084805277876, 7.592495730357371 ], [ 1.253264553937828, 7.592650166145235 ], [ 1.253452156785829, 7.592795003644088 ], [ 1.253647099614897, 7.592929845853591 ], [ 1.253848848097491, 7.593054323169654 ], [ 1.254056849250098, 7.593168094397608 ], [ 1.254270532948971, 7.593270847687525 ], [ 1.254489313492884, 7.593362301389085 ], [ 1.25471259120859, 7.593442204823687 ], [ 1.254939754094609, 7.593510338971656 ], [ 1.255170179498818, 7.593566517072656 ], [ 1.25540323582526, 7.593610585137712 ], [ 1.255638284265476, 7.593642422371357 ], [ 1.255874680549622, 7.593661941502825 ], [ 1.25611177671258, 7.593669089025326 ], [ 1.25634892287018, 7.593663845342777 ], [ 1.256585469000726, 7.593646224823561 ], [ 1.256820766726874, 7.593616275761207 ], [ 1.257054171093021, 7.593574080242038 ], [ 1.257285042333311, 7.593519753920208 ], [ 1.257512747625421, 7.593453445700709 ], [ 1.257736662825301, 7.59337533733123 ], [ 1.257956174178125, 7.593285642903981 ], [ 1.258170680000758, 7.593184608268859 ], [ 1.258379592331125, 7.593072510359536 ], [ 1.258582338539948, 7.592949656434373 ], [ 1.25877836290046, 7.592816383234154 ], [ 1.258967128111748, 7.592673056059051 ], [ 1.259148116771596, 7.592520067767278 ], [ 1.259320832794754, 7.592357837698185 ], [ 1.25948480277276, 7.592186810522795 ], [ 1.259639577271581, 7.592007455024876 ], [ 1.259784732063525, 7.591820262815935 ], [ 1.259919869290034, 7.591625746987616 ], [ 1.26004461855218, 7.591424440705244 ], [ 1.260158637925872, 7.591216895746336 ], [ 1.26026161489899, 7.591003680988089 ], [ 1.260353267227885, 7.590785380848008 ], [ 1.260433343710885, 7.590562593681949 ], [ 1.260501624876704, 7.590335930143955 ], [ 1.260557923585857, 7.590106011512372 ], [ 1.260602085543436, 7.589873467986885 ], [ 1.260633989721845, 7.589638936961077 ], [ 1.260653548692349, 7.589403061275296 ], [ 1.260660708864495, 7.589166487454588 ], [ 1.260655450632796, 7.588929863936565 ], [ 1.260637788430247, 7.588693839294011 ], [ 1.260607770688542, 7.588459060457153 ], [ 1.260565479705092, 7.588226170940428 ], [ 1.260511031417231, 7.587995809078639 ], [ 1.26044457508421, 7.587768606277315 ], [ 1.260366292877868, 7.587545185282083 ], [ 1.260276399383096, 7.587326158471755 ], [ 1.260175141009466, 7.587112126179898 ], [ 1.260062795315649, 7.586903675049398 ], [ 1.259939670248464, 7.586701376424539 ], [ 1.259806103298649, 7.586505784785095 ], [ 1.259662460575683, 7.586317436226558 ], [ 1.259509135804167, 7.586136846990886 ], [ 1.259346549244551, 7.58596451205154 ], [ 1.259175146541141, 7.585800903756954 ], [ 1.258995397500553, 7.585646470535944 ], [ 1.258807794803968, 7.585501635668693 ], [ 1.258612852656707, 7.58536679612671 ], [ 1.258411105378843, 7.58524232148486 ], [ 1.25820310594069, 7.585128552908511 ], [ 1.257989424447208, 7.585025802218547 ], [ 1.257770646575463, 7.584934351036798 ], [ 1.257547371969426, 7.584854450014251 ], [ 1.257320212596505, 7.584786318144168 ], [ 1.257207303686424, 7.584758791353154 ], [ 1.257208987134952, 7.584703179458483 ], [ 1.257203730298368, 7.584466556293383 ], [ 1.257186069637933, 7.58423053193331 ], [ 1.257156053581102, 7.583995753307725 ], [ 1.25711376442066, 7.583762863930493 ], [ 1.257059318088936, 7.583532502136058 ], [ 1.256992863839812, 7.583305299329763 ], [ 1.256914583839409, 7.583081878257262 ], [ 1.256824692666569, 7.582862851297595 ] ] ], [ [ [ 1.246217980890515, 7.587592001977931 ], [ 1.246128095224715, 7.587372973870025 ], [ 1.246026844599839, 7.587158939873197 ], [ 1.245914506553348, 7.586950486635028 ], [ 1.245791389011132, 7.586748185505605 ], [ 1.24565782944334, 7.586552590971574 ], [ 1.245514193939252, 7.586364239136387 ], [ 1.245360876203722, 7.58618364625098 ], [ 1.245198296477951, 7.586011307298839 ], [ 1.245026900387553, 7.585847694639394 ], [ 1.244847157721059, 7.585693256713415 ], [ 1.244659561142215, 7.585548416813985 ], [ 1.244464624839613, 7.585413571926395 ], [ 1.244262883117343, 7.585289091640144 ], [ 1.244054888930524, 7.585175317136059 ], [ 1.243841212369759, 7.585072560251249 ], [ 1.243622439098622, 7.584981102624496 ], [ 1.243399168748501, 7.584901194924433 ], [ 1.243172013275166, 7.584833056162588 ], [ 1.24294159528158, 7.584776873093187 ], [ 1.242708546311551, 7.584732799701396 ], [ 1.242473505118879, 7.584700956781327 ], [ 1.242237115916773, 7.584681431605066 ], [ 1.242000026612303, 7.584674277683527 ], [ 1.241762887030745, 7.584679514619847 ], [ 1.241526347134678, 7.584697128055731 ], [ 1.241291055242698, 7.584727069710835 ], [ 1.241057656252657, 7.584769257515151 ], [ 1.240826789874268, 7.584823575833955 ], [ 1.240599088875932, 7.584889875784782 ], [ 1.240375177350588, 7.58496797564549 ], [ 1.24015566900533, 7.585057661352346 ], [ 1.239941165479486, 7.585158687086707 ], [ 1.239732254695762, 7.585270775948784 ], [ 1.239529509248968, 7.58539362071652 ], [ 1.239333484836737, 7.585526884687623 ], [ 1.239144718736553, 7.58567020260238 ], [ 1.238963728333232, 7.58582318164469 ], [ 1.23879100970092, 7.585985402518684 ], [ 1.238627036243473, 7.586156420597886 ], [ 1.238472257396959, 7.586335767143781 ], [ 1.238327097397821, 7.586522950590493 ], [ 1.238191954120094, 7.586717457892026 ], [ 1.238067197984859, 7.586918755928349 ], [ 1.237953170944908, 7.587126292966538 ], [ 1.237850185547422, 7.587339500172913 ], [ 1.237758524077232, 7.587557793172044 ], [ 1.237678437782988, 7.587780573648376 ], [ 1.237610146188391, 7.588007230986056 ], [ 1.237553836490351, 7.588237143942468 ], [ 1.237509663045735, 7.588469682350922 ], [ 1.237477746948117, 7.588704208847812 ], [ 1.237458175695674, 7.588940080619473 ], [ 1.23745100295116, 7.589176651164029 ], [ 1.237456248394613, 7.589413272063329 ], [ 1.237473897669186, 7.589649294760173 ], [ 1.237503902420281, 7.589884072335899 ], [ 1.237546180427851, 7.590116961283517 ], [ 1.237600615831534, 7.590347323271492 ], [ 1.237667059447989, 7.590574526893362 ], [ 1.237745329179578, 7.590797949398371 ], [ 1.237835210513262, 7.591016978398406 ], [ 1.237936457108364, 7.591231013546547 ], [ 1.23804879147157, 7.591439468182603 ], [ 1.238171905717349, 7.591641770941167 ], [ 1.238305462411665, 7.591837367317742 ], [ 1.238449095496723, 7.592025721188689 ], [ 1.238602411294173, 7.592206316280774 ], [ 1.238764989584045, 7.592378657586328 ], [ 1.238936384756459, 7.592542272720138 ], [ 1.239116127032943, 7.592696713214321 ], [ 1.239303723754021, 7.592841555747666 ], [ 1.239498660729543, 7.592976403306018 ], [ 1.23970040364805, 7.593100886270612 ], [ 1.239908399541311, 7.593214663431286 ], [ 1.240122078300032, 7.59331742292182 ], [ 1.240340854236555, 7.593408883074883 ], [ 1.240564127690291, 7.593488793194161 ], [ 1.240791286671464, 7.593556934241625 ], [ 1.24102170853868, 7.593613119438005 ], [ 1.241254761705691, 7.593657194774836 ], [ 1.241489807372713, 7.593689039436684 ], [ 1.241726201277516, 7.593708566132389 ], [ 1.241963295461506, 7.593715721334394 ], [ 1.242200440045944, 7.59371048542552 ], [ 1.242436985013441, 7.593692872752812 ], [ 1.242672281989837, 7.593662931588256 ], [ 1.242905686021574, 7.593620743996482 ], [ 1.2431365573437, 7.593566425609882 ], [ 1.243364263133649, 7.59350012531167 ], [ 1.243588179245986, 7.593422024827787 ], [ 1.24380769192336, 7.593332338228805 ], [ 1.24402219947898, 7.593231311343127 ], [ 1.244231113945988, 7.593119221083166 ], [ 1.24443386268922, 7.592996374686291 ], [ 1.244629889974926, 7.592863108872639 ], [ 1.244818658494139, 7.592719788922123 ], [ 1.244999650835541, 7.59256680767314 ], [ 1.245172370903751, 7.592404584445731 ], [ 1.245336345279181, 7.592233563892163 ], [ 1.245491124515707, 7.592054214778061 ], [ 1.245636284372611, 7.591867028697434 ], [ 1.245771426977417, 7.591672518725141 ], [ 1.245896181916417, 7.591471218010471 ], [ 1.246010207249924, 7.591263678315694 ], [ 1.246113190449454, 7.591050468503597 ], [ 1.246204849254258, 7.590832172978157 ], [ 1.246284932444888, 7.590609390082609 ], [ 1.246353220531646, 7.590382730459313 ], [ 1.246409526356057, 7.590152815375921 ], [ 1.24645369560369, 7.589920275022427 ], [ 1.246485607226958, 7.589685746783758 ], [ 1.246505173776705, 7.589449873492652 ], [ 1.246512341641699, 7.589213301667634 ], [ 1.246507091195366, 7.588976679740886 ], [ 1.246489436849362, 7.58874065628086 ], [ 1.246459427013852, 7.58850587821459 ], [ 1.246417143964587, 7.588272989054431 ], [ 1.246362703617167, 7.588042627134248 ], [ 1.246296255209097, 7.587815423859764 ], [ 1.246217980890515, 7.587592001977931 ] ] ], [ [ [ 1.238544424942792, 7.606846013922874 ], [ 1.238391105386945, 7.606665417740041 ], [ 1.238228523213195, 7.606493075203281 ], [ 1.238057124053889, 7.606329458681823 ], [ 1.237877377705986, 7.606175016626993 ], [ 1.237689776843335, 7.606030172343167 ], [ 1.237494835666274, 7.605895322827615 ], [ 1.23729308849225, 7.605770837682492 ], [ 1.237085088291322, 7.605657058101913 ], [ 1.236871405170558, 7.605554295936865 ], [ 1.236652624811497, 7.60546283284057 ], [ 1.236429346864926, 7.605382919496625 ], [ 1.236202183307407, 7.605314774931989 ], [ 1.235971756764027, 7.605258585916766 ], [ 1.235738698801982, 7.605214506452386 ], [ 1.235503648199678, 7.605182657349586 ], [ 1.235267249196065, 7.605163125897368 ], [ 1.235030149725024, 7.605155965623823 ], [ 1.234792999639645, 7.605161196149486 ], [ 1.234556448931238, 7.60517880313361 ], [ 1.234321145947976, 7.605208738313519 ], [ 1.234087735618052, 7.60525091963694 ], [ 1.233856857682203, 7.605305231486909 ], [ 1.233629144940448, 7.605371524998688 ], [ 1.233405221517856, 7.605449618467782 ], [ 1.233185701154073, 7.605539297847972 ], [ 1.232971185521318, 7.605640317337973 ], [ 1.232762262575427, 7.605752400055111 ], [ 1.232559504944499, 7.60587523879419 ], [ 1.232363468359522, 7.606008496869455 ], [ 1.232174690131303, 7.606151809037367 ], [ 1.231993687677867, 7.606304782497603 ], [ 1.23182095710636, 7.60646699796962 ], [ 1.231656971853341, 7.606638010841767 ], [ 1.231502181387188, 7.606817352389838 ], [ 1.231357009976185, 7.60700453106168 ], [ 1.231221855525641, 7.60719903382441 ], [ 1.23109708848726, 7.607400327570482 ], [ 1.230983050843728, 7.607607860578754 ], [ 1.230880055171305, 7.607821064026628 ], [ 1.230788383783001, 7.608039353549008 ], [ 1.23070828795468, 7.608262130839903 ], [ 1.230639987236203, 7.608488785292217 ], [ 1.230583668849525, 7.608718695671282 ], [ 1.230539487175372, 7.608951231817495 ], [ 1.230507563329915, 7.609185756373479 ], [ 1.23048798483262, 7.609421626530916 ], [ 1.230480805366149, 7.609658195792375 ], [ 1.23048604462902, 7.609894815743246 ], [ 1.230503688281384, 7.610130837828945 ], [ 1.230533687984111, 7.610365615132495 ], [ 1.230575961531051, 7.61059850414767 ], [ 1.230630393074128, 7.610828866542755 ], [ 1.230696833440643, 7.611056070910174 ], [ 1.230714074737201, 7.611105288440253 ], [ 1.230751831574278, 7.611234404411199 ], [ 1.23083009871738, 7.611457828000465 ], [ 1.230919978094478, 7.611676858417729 ], [ 1.231021223370312, 7.61189089531217 ], [ 1.231133557055237, 7.612099352018805 ], [ 1.231256671265626, 7.612301657166541 ], [ 1.231390228567586, 7.612497256244318 ], [ 1.231533862901694, 7.612685613121071 ], [ 1.23168718058621, 7.612866211515306 ], [ 1.231849761396022, 7.61303855641028 ], [ 1.232021159714364, 7.613202175410922 ], [ 1.232200905754159, 7.613356620038711 ], [ 1.232388506845626, 7.613501466961083 ], [ 1.232583448786642, 7.613636319151821 ], [ 1.232785197252136, 7.61376080697943 ], [ 1.232993199258664, 7.613874589220384 ], [ 1.233206884680163, 7.613977353994509 ], [ 1.233425667810692, 7.614068819619959 ], [ 1.233648948969918, 7.614148735385387 ], [ 1.233876116146914, 7.614216882237256 ], [ 1.234106546677784, 7.614273073380354 ], [ 1.234339608952492, 7.614317154789892 ], [ 1.234574664146246, 7.614349005633765 ], [ 1.234811067970653, 7.61436853860384 ], [ 1.235048172439877, 7.614375700155332 ], [ 1.235285327646934, 7.61437047065365 ], [ 1.235521883545261, 7.614352864428256 ], [ 1.235757191730678, 7.614322929733443 ], [ 1.235990607218843, 7.61428074861611 ], [ 1.236221490213344, 7.614226436690892 ], [ 1.236449207859562, 7.614160142823277 ], [ 1.236673135979506, 7.61408204872159 ], [ 1.236892660782857, 7.613992368438905 ], [ 1.237107180549532, 7.613891347786326 ], [ 1.237316107279154, 7.613779263659191 ], [ 1.237518868302901, 7.61365642327806 ], [ 1.237714907853317, 7.613523163346612 ], [ 1.237903688587782, 7.613379849128641 ], [ 1.23808469306146, 7.613226873446866 ], [ 1.23825742514569, 7.613064655606085 ], [ 1.238421411387925, 7.612893640243831 ], [ 1.238576202309499, 7.612714296111522 ], [ 1.238721373637654, 7.612527114789548 ], [ 1.238856527468468, 7.612332609339753 ], [ 1.238981293357466, 7.612131312899064 ], [ 1.239095329334955, 7.611923777218071 ], [ 1.23919832284329, 7.611710571148584 ], [ 1.239289991593488, 7.611492279084362 ], [ 1.239370084338865, 7.611269499359183 ], [ 1.239438381563569, 7.611042842606749 ], [ 1.239494696084111, 7.610812930086881 ], [ 1.23953887356227, 7.610580391982569 ], [ 1.239570792927943, 7.610345865672593 ], [ 1.239590366710802, 7.610109993984444 ], [ 1.239597541279844, 7.609873423432277 ], [ 1.239592296990174, 7.609636802444793 ], [ 1.239574648236631, 7.609400779587899 ], [ 1.239544643414111, 7.609166001786983 ], [ 1.239502364784684, 7.608933112553688 ], [ 1.239447928251896, 7.608702750222087 ], [ 1.239381483042856, 7.608475546199032 ], [ 1.239364240713683, 7.608426328805461 ], [ 1.239326481177437, 7.608297213034207 ], [ 1.239248209475466, 7.608073790070948 ], [ 1.239158325799959, 7.60785476054902 ], [ 1.239057076533655, 7.607640724809443 ], [ 1.238944739210343, 7.607432269504559 ], [ 1.238821621753978, 7.607229965990116 ], [ 1.238688061634518, 7.607034368759281 ], [ 1.238544424942792, 7.606846013922874 ] ] ], [ [ [ 1.222496576479472, 7.609243634275351 ], [ 1.222301640411522, 7.609108778702886 ], [ 1.222099897968381, 7.608984287165303 ], [ 1.221891902107172, 7.60887050087421 ], [ 1.221678222923101, 7.608767731698965 ], [ 1.221459446086943, 7.60867626131198 ], [ 1.221236171239853, 7.608596340416796 ], [ 1.221009010349918, 7.608528188061043 ], [ 1.220778586034928, 7.608471991036138 ], [ 1.220545529855986, 7.608427903365429 ], [ 1.220310480586614, 7.608396045882107 ], [ 1.220074082462113, 7.608376505898101 ], [ 1.219836983413956, 7.608369336964849 ], [ 1.219599833294063, 7.608374558726576 ], [ 1.21936328209383, 7.608392156866516 ], [ 1.219127978162765, 7.608422083146205 ], [ 1.218894566431639, 7.608464255537713 ], [ 1.218663686645006, 7.608518558448528 ], [ 1.218435971607934, 7.608584843038376 ], [ 1.218212045451751, 7.608662927627185 ], [ 1.217992521923564, 7.60875259819305 ], [ 1.217778002704228, 7.60885360895881 ], [ 1.217569075759376, 7.608965683065688 ], [ 1.217366313728026, 7.609088513332066 ], [ 1.217170272353184, 7.609221763095404 ], [ 1.216981488958747, 7.609365067134925 ], [ 1.216800480976856, 7.609518032672583 ], [ 1.216627744529768, 7.609680240449544 ], [ 1.216463753070103, 7.609851245875255 ], [ 1.216308956083212, 7.610030580245922 ], [ 1.216163777855209, 7.610217752029078 ], [ 1.216028616310051, 7.610412248210733 ], [ 1.215903841918852, 7.610613535701397 ], [ 1.215789796684417, 7.6108210627971 ], [ 1.215686793203781, 7.611034260691471 ], [ 1.21559511381133, 7.611252545034668 ], [ 1.215515009804841, 7.611475317534925 ], [ 1.215446700756573, 7.611701967598314 ], [ 1.215390373911295, 7.611931874002225 ], [ 1.215346183672905, 7.612164406598 ], [ 1.215314251181043, 7.612398928038023 ], [ 1.215311573806688, 7.612431168797674 ], [ 1.215280368304784, 7.612558538136542 ], [ 1.215236177866718, 7.612791070686064 ], [ 1.215204245191088, 7.613025592086904 ], [ 1.215184657821555, 7.613261459539446 ], [ 1.215177469465108, 7.613498026553705 ], [ 1.215182699844636, 7.613734644721275 ], [ 1.215200334644652, 7.613970665492497 ], [ 1.215230325550306, 7.614205441954047 ], [ 1.215272590379581, 7.614438330602035 ], [ 1.215327013308319, 7.614668693105795 ], [ 1.215393445187461, 7.614895898057487 ], [ 1.215471703951627, 7.615119322702747 ], [ 1.21556157511793, 7.615338354647622 ], [ 1.215662812373652, 7.61555239353714 ], [ 1.215775138251171, 7.615760852700871 ], [ 1.215898244888297, 7.615963160760997 ], [ 1.216031794871939, 7.616158763198499 ], [ 1.216175422162776, 7.616347123873113 ], [ 1.216328733098416, 7.61652772649294 ], [ 1.216491307472287, 7.61670007602966 ], [ 1.216662699685309, 7.616863700075468 ], [ 1.21684243996718, 7.617018150138025 ], [ 1.217030035663941, 7.617163002869844 ], [ 1.217224972588296, 7.617297861228773 ], [ 1.217426716428957, 7.617422355566397 ], [ 1.217634714215194, 7.617536144641323 ], [ 1.217848395832538, 7.617638916554617 ], [ 1.218067175585505, 7.617730389604834 ], [ 1.218290453803041, 7.617810313060243 ], [ 1.218517618482303, 7.617878467846202 ], [ 1.218748046966254, 7.617934667145709 ], [ 1.218981107650483, 7.617978756911577 ], [ 1.219048878442976, 7.61798794262102 ], [ 1.219079370940871, 7.618017052697931 ], [ 1.21925911270744, 7.618171502060775 ], [ 1.219446709872271, 7.618316354041857 ], [ 1.219641648244033, 7.618451211601091 ], [ 1.219843393507467, 7.618575705092247 ], [ 1.220051392687934, 7.618689493276254 ], [ 1.220265075667137, 7.618792264256625 ], [ 1.220483856745852, 7.618883736334473 ], [ 1.220707136249384, 7.618963658780742 ], [ 1.220934302171358, 7.619031812523545 ], [ 1.221164731851325, 7.619088010748762 ], [ 1.221397793681589, 7.619132099412144 ], [ 1.221632848838576, 7.619163957661675 ], [ 1.22186925303399, 7.619183498168891 ], [ 1.222106358280972, 7.619190667368311 ], [ 1.222343514670396, 7.61918544560435 ], [ 1.222580072152441, 7.619167847185219 ], [ 1.22281538231857, 7.61913792034379 ], [ 1.223048800178991, 7.619095747105398 ], [ 1.223279685930764, 7.619041443063046 ], [ 1.223507406711686, 7.618975157060602 ], [ 1.223731338335142, 7.618897070784797 ], [ 1.22395086700118, 7.618807398267235 ], [ 1.224165390979094, 7.618706385297714 ], [ 1.224374322256928, 7.618594308750495 ], [ 1.224577088153357, 7.618471475825354 ], [ 1.224773132887532, 7.618338223205513 ], [ 1.224961919102587, 7.618194916134729 ], [ 1.225142929338626, 7.618041947416118 ], [ 1.225315667451157, 7.617879736335401 ], [ 1.225479659971072, 7.617708727511583 ], [ 1.225634457402462, 7.617529389678171 ], [ 1.225779635454698, 7.617342214398293 ], [ 1.225914796205391, 7.617147714717258 ], [ 1.226039569191071, 7.616946423756191 ], [ 1.226153612422571, 7.616738893250684 ], [ 1.226256613322337, 7.616525692038391 ], [ 1.226348289581106, 7.616307404499787 ], [ 1.2264283899316, 7.616084628956262 ], [ 1.226496694837108, 7.615857976030097 ], [ 1.226553017093079, 7.615628066970652 ], [ 1.226597202340085, 7.615395531951474 ], [ 1.226629129486729, 7.615161008342919 ], [ 1.226648711041359, 7.614925138965105 ], [ 1.226655893351676, 7.614688570325888 ], [ 1.226650656751577, 7.614451950848773 ], [ 1.226633015614842, 7.61421592909555 ], [ 1.226603018315504, 7.613981151988619 ], [ 1.226560747095036, 7.613748263037752 ], [ 1.226506317836702, 7.613517900576279 ], [ 1.226439879747698, 7.613290696011441 ], [ 1.226361614949967, 7.613067272093745 ], [ 1.226271737980797, 7.612848241210083 ], [ 1.22617049520458, 7.612634203705217 ], [ 1.226058164137353, 7.61242574623635 ], [ 1.22593505268596, 7.612223440165178 ], [ 1.225801498303936, 7.612027839991882 ], [ 1.225657867066426, 7.611839481835355 ], [ 1.225504552666659, 7.611658881963846 ], [ 1.22534197533676, 7.611486535379965 ], [ 1.225339994700411, 7.611484644577711 ], [ 1.225255308319899, 7.61139486933418 ], [ 1.225083913748185, 7.611231248399277 ], [ 1.224904171650823, 7.611076801594034 ], [ 1.224716574690044, 7.610931952235835 ], [ 1.224521637055524, 7.610797097335844 ], [ 1.224319893055028, 7.61067260651096 ], [ 1.224111895649942, 7.610558820970839 ], [ 1.223898214939696, 7.610456052582778 ], [ 1.22367943659924, 7.610364583017039 ], [ 1.223540585972686, 7.610314882519766 ], [ 1.22349482352274, 7.610247859127337 ], [ 1.223351193882791, 7.610059500560489 ], [ 1.223197881098389, 7.609878900227392 ], [ 1.223035305397236, 7.609706553131927 ], [ 1.222863912393981, 7.609542931655813 ], [ 1.222684171868749, 7.609388484263959 ], [ 1.222496576479472, 7.609243634275351 ] ] ], [ [ [ 1.252271690523244, 7.627599261641852 ], [ 1.25203452606855, 7.627604498839235 ], [ 1.251797961374705, 7.627622112578731 ], [ 1.251562644828162, 7.627652054579198 ], [ 1.251329221394242, 7.627694242769723 ], [ 1.251098330849556, 7.627748561514567 ], [ 1.25087060602865, 7.627814861930152 ], [ 1.25064667108967, 7.62789296229312 ], [ 1.250427139803813, 7.627982648538408 ], [ 1.250212613873219, 7.628083674845966 ], [ 1.25000368128195, 7.628195764314488 ], [ 1.249800914684545, 7.628318609720322 ], [ 1.249604869836581, 7.628451874359494 ], [ 1.249416084071536, 7.628595192970514 ], [ 1.24923507482812, 7.628748172735443 ], [ 1.249062338232127, 7.628910394356487 ], [ 1.248898347736671, 7.629081413205181 ], [ 1.24874355282455, 7.62926076054096 ], [ 1.248598377776288, 7.629447944795833 ], [ 1.248463220507225, 7.629642452921634 ], [ 1.248338451476858, 7.629843751796126 ], [ 1.248224412673401, 7.630051289684117 ], [ 1.248121416676365, 7.630264497749632 ], [ 1.24802974579973, 7.630482791614916 ], [ 1.247949651318029, 7.630705572962063 ], [ 1.247881352777514, 7.630932231172838 ], [ 1.247825037394247, 7.631162145002251 ], [ 1.247780859540797, 7.63139468428122 ], [ 1.24774894032294, 7.631629211643744 ], [ 1.24772936724753, 7.631865084273773 ], [ 1.247722193982437, 7.632101655667062 ], [ 1.247727440209246, 7.632338277403113 ], [ 1.247745091569082, 7.632574300922398 ], [ 1.247775099701743, 7.632809079303962 ], [ 1.247817382378021, 7.633041969038574 ], [ 1.247871823724859, 7.63327233179249 ], [ 1.247938274542722, 7.6334995361571 ], [ 1.248016552714317, 7.633722959379552 ], [ 1.248106443703546, 7.633941989069725 ], [ 1.248207701143334, 7.634156024878729 ], [ 1.248320047510697, 7.634364480144513 ], [ 1.248443174887243, 7.634566783499873 ], [ 1.248576745802977, 7.634762380438619 ], [ 1.248720394161141, 7.634950734835506 ], [ 1.248873726241528, 7.635131330415791 ], [ 1.249036321779531, 7.635303672170416 ], [ 1.249207735117972, 7.635467287712874 ], [ 1.249387496428556, 7.635621728574106 ], [ 1.249575112999591, 7.635766571431839 ], [ 1.249770070586465, 7.635901419270986 ], [ 1.249971834821154, 7.636025902471968 ], [ 1.250179852676927, 7.636139679823935 ], [ 1.250393553984203, 7.63624243946011 ], [ 1.250612352993426, 7.636333899712731 ], [ 1.250835649980662, 7.6364138098852 ], [ 1.251062832891525, 7.636481950939324 ], [ 1.251293279018915, 7.636538136095802 ], [ 1.251526356709973, 7.636582211346276 ], [ 1.251761427097574, 7.636614055875563 ], [ 1.25182208979156, 7.636619066197406 ], [ 1.251825695438271, 7.636620573381674 ], [ 1.252048992930695, 7.636700483010422 ], [ 1.252276176320366, 7.636768623503095 ], [ 1.252506622898869, 7.636824808081942 ], [ 1.252739701012106, 7.63686888274019 ], [ 1.252974771791795, 7.636900726664273 ], [ 1.253211190906749, 7.636920252565073 ], [ 1.253448310329152, 7.636927406917218 ], [ 1.253685480110969, 7.636922170105904 ], [ 1.253922050165629, 7.63690455648067 ], [ 1.254157372050094, 7.636874614316155 ], [ 1.254390800742427, 7.636832425679778 ], [ 1.254621696409984, 7.636778106206846 ], [ 1.254849426163376, 7.636711804783594 ], [ 1.2550733657914, 7.636633703139109 ], [ 1.255292901472179, 7.636544015347201 ], [ 1.255507431455804, 7.636442987239613 ], [ 1.255716367713894, 7.636330895732165 ], [ 1.255919137551517, 7.636208048065708 ], [ 1.256115185177074, 7.636074780963932 ], [ 1.256303973225837, 7.635931459710338 ], [ 1.256484984232952, 7.635778477146959 ], [ 1.256657722051891, 7.635616252597503 ], [ 1.256821713214434, 7.635445230717923 ], [ 1.25697650822848, 7.635265880277525 ], [ 1.257121682810117, 7.635078692874013 ], [ 1.257256839046565, 7.634884181585922 ], [ 1.257381606486826, 7.634682879566179 ], [ 1.257495643157029, 7.634475338580677 ], [ 1.257598636497706, 7.634262127495771 ], [ 1.257690304220409, 7.634043830718953 ], [ 1.257770395081354, 7.633821046596903 ], [ 1.257838689569931, 7.633594385775358 ], [ 1.257895000510233, 7.633364469525267 ], [ 1.257939173573929, 7.633131928039814 ], [ 1.257971087703093, 7.632897398707011 ], [ 1.257990655441825, 7.632661524362594 ], [ 1.257997823175755, 7.632424951527957 ], [ 1.25799257127879, 7.632188328638008 ], [ 1.257974914166682, 7.631952304263817 ], [ 1.257944900257289, 7.631717525334877 ], [ 1.257902611837638, 7.631484635365866 ], [ 1.257848164838148, 7.631254272692819 ], [ 1.25778170851465, 7.631027068723466 ], [ 1.257703425039063, 7.630803646206604 ], [ 1.257613528999853, 7.630584617525197 ], [ 1.257512266813658, 7.630370583017902 ], [ 1.257399916049682, 7.630162129333634 ], [ 1.257276784668712, 7.62995982782364 ], [ 1.257143210178855, 7.629764232975543 ], [ 1.256999558710308, 7.629575880893594 ], [ 1.256846224011683, 7.629395287829333 ], [ 1.256683626370666, 7.629222948766683 ], [ 1.256512211461952, 7.629059336065314 ], [ 1.256332449125615, 7.628904898166061 ], [ 1.256144832079268, 7.628760058361872 ], [ 1.255949874567543, 7.628625213637734 ], [ 1.255748110952591, 7.628500733582656 ], [ 1.255540094249458, 7.628386959376793 ], [ 1.255326394610371, 7.628284202856404 ], [ 1.255107597762063, 7.628192745659248 ], [ 1.25488430340044, 7.628112838452766 ], [ 1.254657123546972, 7.628044700247109 ], [ 1.254426680871334, 7.627988517794984 ], [ 1.25419360698486, 7.627944445079856 ], [ 1.253958540709527, 7.627912602894001 ], [ 1.2538978791276, 7.627907593142654 ], [ 1.253894273535806, 7.627906085990001 ], [ 1.2536709796787, 7.62782617824035 ], [ 1.253443800303428, 7.62775803947386 ], [ 1.253213358078352, 7.627701856444766 ], [ 1.252980284613576, 7.62765778313812 ], [ 1.252745218729922, 7.627625940347806 ], [ 1.252508804708152, 7.627606415345563 ], [ 1.252271690523244, 7.627599261641852 ] ] ], [ [ [ 1.273648615878832, 7.641904473682687 ], [ 1.273547343463456, 7.641690440650222 ], [ 1.273434982260699, 7.64148198883071 ], [ 1.273311840259941, 7.641279689570242 ], [ 1.273178254998372, 7.641084097350253 ], [ 1.273034592635685, 7.64089574826775 ], [ 1.272881246950317, 7.640715158566039 ], [ 1.272718638260032, 7.640542823219787 ], [ 1.272547212269766, 7.640379214578474 ], [ 1.272367438849922, 7.640224781071783 ], [ 1.272179810748445, 7.640079945980628 ], [ 1.271984842240218, 7.639945106277058 ], [ 1.271783067717479, 7.639820631536336 ], [ 1.27157504022512, 7.639706862924044 ], [ 1.271361329944886, 7.639604112261126 ], [ 1.271142522632621, 7.639512661169303 ], [ 1.27091921801286, 7.639432760299298 ], [ 1.270692028135139, 7.639364628643916 ], [ 1.270461575696554, 7.639308452937943 ], [ 1.270228492335155, 7.639264387146382 ], [ 1.269993416898841, 7.63923255204257 ], [ 1.269756993694513, 7.639213034877213 ], [ 1.269519870722278, 7.639205889139323 ], [ 1.26928269789954, 7.639211134409685 ], [ 1.269046125279839, 7.639228756307237 ], [ 1.268810801271327, 7.639258706528524 ], [ 1.268577370859758, 7.639300902980147 ], [ 1.268346473840854, 7.63935523000378 ], [ 1.2681187430669, 7.639421538693194 ], [ 1.267894802712357, 7.639499647302404 ], [ 1.267675266563268, 7.63958934174379 ], [ 1.267460736335115, 7.639690376174881 ], [ 1.267251800023753, 7.639802473672148 ], [ 1.267049030293941, 7.639925326989967 ], [ 1.266852982909867, 7.640058599402719 ], [ 1.266664195211994, 7.640201925627633 ], [ 1.266483184644366, 7.640354912825929 ], [ 1.266310447336447, 7.64051714167947 ], [ 1.266146456743348, 7.640688167539979 ], [ 1.265991662348184, 7.640867521647682 ], [ 1.265846488430113, 7.641054712416041 ], [ 1.265711332901431, 7.641249226779039 ], [ 1.26558656621692, 7.641450531597338 ], [ 1.265472530358421, 7.641658075119453 ], [ 1.265369537897431, 7.641871288493954 ], [ 1.265277871138294, 7.642089587328512 ], [ 1.265197781344315, 7.642312373291582 ], [ 1.26512948804895, 7.642539035752255 ], [ 1.265123890078674, 7.642561892840946 ], [ 1.265056560442425, 7.642670525045874 ], [ 1.264942523902457, 7.642878068286536 ], [ 1.264839530777659, 7.643091281398301 ], [ 1.264747863374195, 7.643309579989568 ], [ 1.264667772957137, 7.64353236572946 ], [ 1.264599479061653, 7.643759027987681 ], [ 1.264543168891127, 7.643988945508114 ], [ 1.264498996803896, 7.644221488111529 ], [ 1.264467083889978, 7.644456018422777 ], [ 1.264447517638996, 7.644691893617692 ], [ 1.264440351700158, 7.64492846718495 ], [ 1.264445605735007, 7.645165090698054 ], [ 1.264463265363298, 7.645401115592556 ], [ 1.264493282202196, 7.645635894943694 ], [ 1.264535573998654, 7.645868785239515 ], [ 1.264590024854634, 7.646099148144705 ], [ 1.264656485544547, 7.64632635225018 ], [ 1.264734773924048, 7.646549774803761 ], [ 1.264824675429061, 7.646768803417104 ], [ 1.264925943663679, 7.646982837744234 ], [ 1.265038301075318, 7.647191291127116 ], [ 1.265161439715296, 7.647393592203671 ], [ 1.265295022082723, 7.647589186473917 ], [ 1.265438682049422, 7.647777537819888 ], [ 1.265592025863332, 7.647958129975181 ], [ 1.265754633227648, 7.648130467940096 ], [ 1.265926058452734, 7.648294079338491 ], [ 1.266105831677665, 7.648448515712661 ], [ 1.266293460158044, 7.648593353752612 ], [ 1.26648842961656, 7.64872819645646 ], [ 1.266690205652598, 7.648852674218698 ], [ 1.266898235207022, 7.648966445843393 ], [ 1.267111948078127, 7.649069199479476 ], [ 1.267330758484605, 7.649160653475647 ], [ 1.267554066671225, 7.649240557152467 ], [ 1.267781260552847, 7.649308691489576 ], [ 1.268011717392246, 7.649364869726112 ], [ 1.268244805507148, 7.64940893787272 ], [ 1.26847988600181, 7.649440775133717 ], [ 1.268716314518371, 7.649460294238279 ], [ 1.268953443003206, 7.649467441679703 ], [ 1.269190621483403, 7.649462197862168 ], [ 1.269427199848513, 7.649444577154457 ], [ 1.269662529632696, 7.649414627850669 ], [ 1.269895965792337, 7.649372432037834 ], [ 1.270126868474307, 7.649318105370972 ], [ 1.270354604769978, 7.649251796756085 ], [ 1.270578550450211, 7.649173687942013 ], [ 1.270798091676536, 7.649083993022264 ], [ 1.271012626683851, 7.64898295784815 ], [ 1.271221567430015, 7.648870859354914 ], [ 1.271424341207811, 7.648748004802586 ], [ 1.271620392214863, 7.648614730933756 ], [ 1.271809183077198, 7.648471403050509 ], [ 1.271990196322286, 7.64831841401308 ], [ 1.272162935797498, 7.648156183162947 ], [ 1.272326928030115, 7.647985155173342 ], [ 1.272481723525148, 7.647805798830342 ], [ 1.272626897997411, 7.647618605747836 ], [ 1.272762053534477, 7.647424089019927 ], [ 1.272886819687316, 7.647222781814464 ], [ 1.273000854485639, 7.647015235911543 ], [ 1.273103845375162, 7.64680202019099 ], [ 1.273195510074211, 7.646583719072988 ], [ 1.273275597347346, 7.646360930916098 ], [ 1.273343887693843, 7.646134266377105 ], [ 1.273349485339842, 7.646111409097781 ], [ 1.273416813904332, 7.646002775265858 ], [ 1.273530848021321, 7.645795229081997 ], [ 1.273633838247261, 7.645582013099234 ], [ 1.273725502302299, 7.645363711738465 ], [ 1.273805588952756, 7.645140923358918 ], [ 1.273873878699615, 7.644914258617975 ], [ 1.273930184380016, 7.644684338797295 ], [ 1.273974351680093, 7.644451794099823 ], [ 1.274006259557765, 7.644217261922347 ], [ 1.274025820574306, 7.643981385108351 ], [ 1.274032981133812, 7.643744810185953 ], [ 1.274027721629888, 7.643508185595755 ], [ 1.274010056499165, 7.64327215991344 ], [ 1.273980034181505, 7.643037380072036 ], [ 1.273937736986999, 7.642804489588682 ], [ 1.273883280870135, 7.642574126800771 ], [ 1.273816815111741, 7.642346923116311 ], [ 1.273738521909598, 7.642123501283268 ], [ 1.273648615878832, 7.641904473682687 ] ] ], [ [ [ 1.268348824792169, 7.660527904837592 ], [ 1.268247552990189, 7.660313870344034 ], [ 1.268135191826839, 7.660105416799472 ], [ 1.26801204929143, 7.659903115554728 ], [ 1.267878462922658, 7.659707521096647 ], [ 1.267734798883279, 7.659519169528363 ], [ 1.267581450956357, 7.659338577099965 ], [ 1.267418839465822, 7.659166238793585 ], [ 1.267247410124304, 7.659002626966778 ], [ 1.267067632811403, 7.658848190057944 ], [ 1.266880000285743, 7.658703351357289 ], [ 1.266685026834335, 7.658568507846735 ], [ 1.26648324686296, 7.658444029111946 ], [ 1.266275213431438, 7.658330256329423 ], [ 1.266061496737775, 7.658227501331512 ], [ 1.265842682555375, 7.658136045751792 ], [ 1.265619370627579, 7.65805614025325 ], [ 1.265392173023922, 7.657988003841369 ], [ 1.265161712462643, 7.65793182326393 ], [ 1.264928620604017, 7.65788775249927 ], [ 1.26469353631919, 7.657855912334331 ], [ 1.264457103939272, 7.657836390033673 ], [ 1.264219971489471, 7.657829239100368 ], [ 1.263982788913117, 7.657834479129426 ], [ 1.263746206290435, 7.657852095754135 ], [ 1.263510872056939, 7.657882040685484 ], [ 1.263277431226357, 7.657924231844563 ], [ 1.263046523622915, 7.657978553587551 ], [ 1.262818782127856, 7.658044857022686 ], [ 1.262594830944977, 7.658122960418391 ], [ 1.262375283889952, 7.658212649701336 ], [ 1.262160742708105, 7.6583136790432 ], [ 1.261951795425274, 7.658425771534412 ], [ 1.261749014736246, 7.658548619943081 ], [ 1.261552956435213, 7.65868188755706 ], [ 1.261364157892527, 7.658825209106747 ], [ 1.261183136581928, 7.658978191766197 ], [ 1.261010388662304, 7.659140416229736 ], [ 1.260846387617833, 7.659311437861142 ], [ 1.260691582960264, 7.65949078791226 ], [ 1.260546398996875, 7.659677974807699 ], [ 1.260411233667497, 7.659872485492077 ], [ 1.260286457453776, 7.660073786836177 ], [ 1.260172412363684, 7.660281327098058 ], [ 1.260069410994034, 7.660494537435254 ], [ 1.259977735673608, 7.660712833463797 ], [ 1.259897637689203, 7.660935616859855 ], [ 1.259829336596756, 7.66116227699958 ], [ 1.259773019619411, 7.661392192632687 ], [ 1.259728841134196, 7.661624733585144 ], [ 1.259696922248708, 7.661859262486339 ], [ 1.259677350468978, 7.662095136515997 ], [ 1.259670179459414, 7.662331709166007 ], [ 1.259675428895503, 7.662568332012389 ], [ 1.259693084409657, 7.662804356492548 ], [ 1.259723097630363, 7.663039135682855 ], [ 1.259765386314543, 7.663272026071811 ], [ 1.259819834572738, 7.663502389323848 ], [ 1.25988629318653, 7.663729594028936 ], [ 1.25996458001731, 7.663953017433247 ], [ 1.260054480505294, 7.664172047146099 ], [ 1.260155748257406, 7.664386082818507 ], [ 1.260268105722427, 7.664594537788728 ], [ 1.260391244951564, 7.664796840690324 ], [ 1.260524828442346, 7.664992437018296 ], [ 1.260668490063549, 7.665180790649023 ], [ 1.260821836058602, 7.66536138530982 ], [ 1.260984446124743, 7.665533725994094 ], [ 1.261155874564946, 7.66569734031824 ], [ 1.261335651509487, 7.665851779816495 ], [ 1.261523284203777, 7.665996621170285 ], [ 1.261718258358959, 7.666131467368617 ], [ 1.261920039561539, 7.666255948796387 ], [ 1.262128074738211, 7.666369724247572 ], [ 1.262341793671846, 7.666472481860601 ], [ 1.262560610564498, 7.666563939973241 ], [ 1.262783925643135, 7.666643847894752 ], [ 1.263011126803698, 7.666711986593111 ], [ 1.263241591288978, 7.666768169295476 ], [ 1.263474687395709, 7.666812242000237 ], [ 1.263709776206201, 7.666844083899189 ], [ 1.263946213339761, 7.666863607708778 ], [ 1.264183350719097, 7.666870759909396 ], [ 1.264420538346872, 7.666865520892153 ], [ 1.264657126087516, 7.666847905012673 ], [ 1.264892465449441, 7.666817960551802 ], [ 1.265125911362731, 7.666775769583296 ], [ 1.265356823947474, 7.666721447748889 ], [ 1.265584570267848, 7.666655143941341 ], [ 1.265808526067192, 7.666577039896314 ], [ 1.266028077479253, 7.666487349694245 ], [ 1.266242622710967, 7.666386319173534 ], [ 1.266451573692128, 7.666274225256664 ], [ 1.266654357687427, 7.666151375191139 ], [ 1.26685041886645, 7.666018105707273 ], [ 1.267039219827313, 7.665874782095145 ], [ 1.26722024306978, 7.665721797203296 ], [ 1.267392992413798, 7.665559570361861 ], [ 1.267556994359585, 7.665388546233118 ], [ 1.267711799385513, 7.665209193592577 ], [ 1.267856983180271, 7.665022004044004 ], [ 1.267992147805876, 7.664827490671844 ], [ 1.26811692278839, 7.664626186634771 ], [ 1.268230966133334, 7.664418643704221 ], [ 1.268333965263012, 7.664205430751905 ], [ 1.268425637873185, 7.663987132190445 ], [ 1.26850573270675, 7.663764346371417 ], [ 1.268574030242291, 7.663537683945216 ], [ 1.268630343295635, 7.663307766187183 ], [ 1.268674517532745, 7.663075223294629 ], [ 1.268706431892568, 7.662840692659419 ], [ 1.268725998918657, 7.662604817120829 ], [ 1.268733164998685, 7.662368243203507 ], [ 1.268727910511174, 7.66213161934531 ], [ 1.268710249879059, 7.661895594119922 ], [ 1.268680231529924, 7.661660814459139 ], [ 1.268637937763036, 7.661427923879606 ], [ 1.26858348452354, 7.66119756071899 ], [ 1.268517021084432, 7.660970356386313 ], [ 1.268438729637187, 7.660746933631326 ], [ 1.268348824792169, 7.660527904837592 ] ] ], [ [ [ 1.243467271157925, 7.666298181589084 ], [ 1.243366012403293, 7.666084143785593 ], [ 1.243253663941442, 7.665875686182151 ], [ 1.243130533726938, 7.665673380140727 ], [ 1.242996959264772, 7.665477780161348 ], [ 1.242853306685135, 7.665289422362293 ], [ 1.242699969739752, 7.66510882301074 ], [ 1.242537368722522, 7.6649364771078 ], [ 1.242365949317438, 7.664772857031852 ], [ 1.242186181376934, 7.664618411243886 ], [ 1.24199855763401, 7.664473563058433 ], [ 1.241803592351664, 7.664338709483391 ], [ 1.24160181991335, 7.664214220131972 ], [ 1.24139379335829, 7.664100436209753 ], [ 1.241180082865695, 7.663997669579561 ], [ 1.240961274192016, 7.66390620190681 ], [ 1.24073796706553, 7.663826283887587 ], [ 1.240510773542647, 7.663758134561627 ], [ 1.240280316330446, 7.663701940712053 ], [ 1.240047227080038, 7.663657856353523 ], [ 1.239812144655433, 7.663626002310167 ], [ 1.239575713382645, 7.663606465884519 ], [ 1.239338581283843, 7.663599300618301 ], [ 1.239101398301385, 7.663604526145738 ], [ 1.238864814516588, 7.663622128139801 ], [ 1.238629478368129, 7.663652058351516 ], [ 1.238396034874951, 7.663694234742252 ], [ 1.23816512386854, 7.663748541708611 ], [ 1.237937378239422, 7.663814830399279 ], [ 1.237713422202675, 7.663892919123028 ], [ 1.237493869587222, 7.663982593846709 ], [ 1.23727932215357, 7.664083608781853 ], [ 1.237070367944628, 7.664195687058346 ], [ 1.236867579674103, 7.664318521483228 ], [ 1.236671513156899, 7.664451775382649 ], [ 1.236482705785817, 7.664595083524593 ], [ 1.236301675058727, 7.664748053119841 ], [ 1.236128917160256, 7.66491026489853 ], [ 1.235964905601863, 7.665081274259207 ], [ 1.235810089924049, 7.665260612487364 ], [ 1.23566489446423, 7.665447788040026 ], [ 1.235529717193686, 7.665642287892938 ], [ 1.235404928626735, 7.665843578946586 ], [ 1.235290870805153, 7.666051109487283 ], [ 1.2351878563606, 7.666264310699244 ], [ 1.235096167657651, 7.666482598223562 ], [ 1.235016056019745, 7.666705373759766 ], [ 1.234947741040211, 7.666932026705607 ], [ 1.234891409980232, 7.667161935830584 ], [ 1.234847217255417, 7.667394470978557 ], [ 1.234815284012382, 7.667628994794898 ], [ 1.234795697796508, 7.667864864473332 ], [ 1.234788512311775, 7.668101433517736 ], [ 1.234793747273357, 7.668338053514091 ], [ 1.234811388353357, 7.668574075907669 ], [ 1.234841387219852, 7.668808853780638 ], [ 1.234883661669137, 7.669041743625166 ], [ 1.234938095850813, 7.669272107107236 ], [ 1.235004540585084, 7.669499312816246 ], [ 1.235082813771439, 7.669722737995668 ], [ 1.235172700887543, 7.669941770250008 ], [ 1.235273955577032, 7.670155809223347 ], [ 1.235386300324553, 7.670364268244939 ], [ 1.235509427216237, 7.670566575937272 ], [ 1.235642998783498, 7.670762177782239 ], [ 1.235786648927861, 7.670950537641113 ], [ 1.235939983924284, 7.671131139224154 ], [ 1.236102583500221, 7.671303487505792 ], [ 1.236274001987469, 7.6714671100816 ], [ 1.236453769543651, 7.671621558463189 ], [ 1.236641393439978, 7.671766409307616 ], [ 1.236836359411769, 7.671901265577853 ], [ 1.237038133068018, 7.67202575763115 ], [ 1.23724616135616, 7.672139544232339 ], [ 1.237459874077995, 7.672242313489234 ], [ 1.237678685452647, 7.67233378370765 ], [ 1.237901995722248, 7.672413704163597 ], [ 1.238129192795951, 7.672481855790652 ], [ 1.238359653927773, 7.672538051780475 ], [ 1.23859274742366, 7.672582138094967 ], [ 1.238827834373087, 7.672613993888564 ], [ 1.239064270400464, 7.672633531839551 ], [ 1.23930140743153, 7.672640698389501 ], [ 1.239538595469891, 7.672635473890121 ], [ 1.239775184378832, 7.672617872657177 ], [ 1.240010525663538, 7.672587942931302 ], [ 1.240243974248791, 7.672545766745804 ], [ 1.240474890247315, 7.672491459701842 ], [ 1.240702640713891, 7.67242517065157 ], [ 1.240926601380438, 7.672347081290155 ], [ 1.241146158367311, 7.672257405657737 ], [ 1.241360709866107, 7.67215638955274 ], [ 1.241569667789378, 7.672044309858098 ], [ 1.241772459382723, 7.671921473782303 ], [ 1.241968528794832, 7.671788218017297 ], [ 1.242157338601187, 7.671644907815536 ], [ 1.242338371277237, 7.671491935988802 ], [ 1.242511130617001, 7.671329721831413 ], [ 1.24267514309323, 7.671158709970878 ], [ 1.242829959155367, 7.670979369149094 ], [ 1.242975154461783, 7.670792190937458 ], [ 1.243110331042881, 7.670597688389353 ], [ 1.243235118391896, 7.670396394633823 ], [ 1.243349174480398, 7.670188861414156 ], [ 1.243452186695711, 7.669975657575491 ], [ 1.243543872697686, 7.669757367505514 ], [ 1.243623981192477, 7.669534589532585 ], [ 1.243692292621191, 7.66930793428565 ], [ 1.243748619761548, 7.669078023020422 ], [ 1.243792808240885, 7.668845485916487 ], [ 1.243824736959098, 7.668610960349906 ], [ 1.243844318420384, 7.668375089146133 ], [ 1.243851498972852, 7.668138518817997 ], [ 1.243846258955368, 7.667901897793582 ], [ 1.243828612751223, 7.667665874638885 ], [ 1.243798608748482, 7.66743109628008 ], [ 1.243756329207121, 7.667198206230307 ], [ 1.243701890033332, 7.666967842825846 ], [ 1.243635440461603, 7.666740637476445 ], [ 1.243557162645448, 7.666517212934683 ], [ 1.243467271157925, 7.666298181589084 ] ] ] ] } }
]
}
